,question,answer,language,section,wrong_answer
0,什么是新型冠状病毒？,"新型冠状病毒是一种此前尚未确定的新冠状病毒。导致新型冠状病毒肺炎 | 新冠肺炎2019（COVID-19）的病毒不同于在人类中普遍传播并仅引起轻度疾病的冠状病毒，例如普通感冒。 
冠状病毒  229E、NL63、OC43 或 HKU1 的诊断与 COVID-19 的诊断不同。COVID-19 患者将接受不同于常见冠状病毒确诊患者的评估和护理。",chinese,Frequently Asked Questions,"使用 CDC 开发的诊断检测，结果为阴性是指在受测者样本中未发现导致 COVID-19 的病毒。在感染的早期阶段，有可能检测不到病毒。
对于 COVID-19，一个人在出现症状时所采集的样本的检测结果为阴性可能意味着当前疾病并非由 COVID-19 病毒引起。"
1,为什么这种疾病被称为 2019 年新型冠状病毒肺炎（COVID-19）？,"2020 年 2 月 11 日，世界卫生组织宣布了导致最初于中国武汉发现的 2019 年新型冠状病毒爆发的疾病官方名称。该疾病的新名称是新型冠状病毒肺炎2019，缩写为 COVID-19。在 COVID-19 中，“CO”代表“冠状”、“VI”代表“病毒”，以及“D”代表“疾病”。该疾病此前被称为“2019 年新型冠状病毒”或“2019-nCoV”。 
人类冠状病毒有很多种，其中一些通常导致轻度上呼吸道疾病。COVID-19是一种由此前尚未在人体中发现的新型（或新的）冠状病毒引起的新疾病。此疾病名称根据世界卫生组织（WHO）新型人类传染疾病命名最佳实践external iconexternal icon而定。  ",chinese,Frequently Asked Questions,"引发COVID-19的病毒被认为主要以人传人的方式，通过感染患者咳嗽或打喷嚏时产生的呼吸道飞沫进行传播。这些飞沫可能附着到附近的人的嘴巴或鼻子上，或者可能被吸入肺部。当人们近距离接触时（约6英尺以内）传播的可能性更高。
COVID-19在很多受影响地区的社区中似乎可以轻易且持续地传播（“社区传播”）。社区传播意味着人们已经在某个地区感染了这种病毒，其中包括不确定自己是在何处或如何受到感染的人。 
了解新发冠状病毒已知信息。 "
2,为什么有人会因为 COVID-19 而指责或躲避某些个人和群体（制造污名）？,"美国民众可能对住在或前往COVID-19传播地区的亲友感到担心焦虑。有些人很担心通过这些人感染疾病。恐惧和焦虑会导致社会污名化的产生，例如，针对居住在世界某些地方的人、曾在国外旅行的人、曾被隔离的人或医疗护理专业人员。
污名是对可识别的某一人群、地区或国家的歧视。污名化的产生主要是由于缺乏对 COVID-19 的传播方式的认识、指责旁人的欲望、对疾病和死亡的恐惧，以及谣言和谬论的散播。
污名化会伤害到每一个人，因为它使人们对普通民众产生更多的恐惧或愤怒，而并非将注意力放在引起问题的疾病本身。",chinese,Frequently Asked Questions,"目前，没有证据表明COVID-19病毒会从宠物的皮肤或皮毛传播给人类。
关于照顾宠物的最佳方法，请咨询兽医。"
3,人们如何制止与 COVID-19 相关的污名化？,在注意到污名化正在发生的情况下，人们可以通过提供社会支持来对抗污名化。污名会影响被污名化群体及其所在社区的情绪或心理健康。停止污名化对于社区和社区成员的抗压能力很重要。查看有关COVID-19疫情期间的心理健康和应对措施的资源。每个人都可以通过了解事实并与社区中的人分享来帮助阻止有关COVID-19的污名化。   ,chinese,Frequently Asked Questions,洗手是保护您与您的家人远离疾病的最佳途径之一。经常用肥皂和水洗手20秒以上，尤其是擤鼻涕、咳嗽或打喷嚏后、如厕后，以及用餐或做饭前。如果没有现成的肥皂和水，可使用酒精含量至少为60%的免洗手消毒液。
4,为何某些州的COVID-19病例数量有时与CDC网站上发布的数量有差别？,CDC发布的总病例数量依照各辖区的确认程序得以验证。不同的地方所显示的病例数量的发现和确认程序可能有所不同。,chinese,Frequently Asked Questions,"

与孩子的学校保持联系。

很多学校提供网络课程（虚拟学习）。查看学校布置的作业，并帮助您的孩子制定合理的作业进度。您可能需要帮助孩子打开设备、阅读说明和输入答案。
让学校知道您遇到的挑战。如果遇到技术或连接问题，或者您的孩子完成作业有困难，请告知学校。


为在家学习制定一个时间表和日常作息，但要保持灵活性。

周一到周五保持固定的就寝时间和起床时间。
合理安排一天的学习时间、自由活动时间、健康餐饮和零食时间，以及体育锻炼时间。
日程安排可以更有灵活性，可根据您一天的情况随时调整。


考虑您孩子所在年龄层的需要进行调整。

对于学龄前儿童、学前班至5年级小学生、初中生和高中生来说，接受在家学习这种转变的心态会有所不同。和孩子们谈谈他们的期望，以及他们如何适应在家里而不是在学校学习。
想出一些您的孩子可以和朋友不必见面也能保持联系的方式。


寻找让学习具有趣味性的方法。

开展一些动手活动，如拼图、绘画、素描和手工制作。
自主活动也可以代替结构化学习。鼓励孩子们利用纸板筑堡垒或搭积木练习数数。
通过给家人写信来练习书写和语法，这是保持联系并减少见面的一个很好的方式。
和孩子一起开始写日记，记录这次的经历，并谈谈共同的体会。
使用有声读物，或者查看当地的图书馆是否正在举办虚拟或直播的阅读活动。



"
5,CDC发布的COVID-19病例数量与世界卫生组织（WHO）或约翰霍普金斯大学提供的数量有何异同？,CDC发布的COVID-19病例数量包含很多公开报告的数量，包括来自州、地方、领地、国际和外部合作伙伴的信息。,chinese,Frequently Asked Questions,对频繁接触表面进行清洁和消毒，例如桌子、门把手、电灯开关、台面、扶手、书桌、电话、键盘、马桶、水龙头和水槽。如果表面有脏污，消毒之前先使用清洁剂或肥皂和水进行清洁。大多数EPA注册的常见家用消毒剂均可有效地用于消毒。查看CDC关于家庭清洁和消毒的建议。  
6,为何过去几天的病例数量出现了增长？,报告的延迟可能导致过去几天中报告的COVID-19病例数量发生增长。（有时称这种效应为“回填”。）州、地方和领地卫生部门会报告已确认的病例数量，并与CDC分享这些数据。由于开展实验室测试需要一些时间，之前某一天的病例可能会在几天后增加到当天的统计数量中。,chinese,Frequently Asked Questions,有关COVID-19及其传播方式，我们目前仍知之甚少。一般认为，此冠状病毒最主要通过呼吸飞沫传播。尽管此病毒在某些表面上能够存活一段较短的时间，但其不太可能通过在环境温度下已装运数天或数周的产品或包装进行传播。目前没有证据能够证明与进口商品相关的COVID-19传播，而美国也没有任何COVID-19病例与进口商品有关。已获得的相关信息将发布在新型冠状病毒肺炎|新冠病毒2019（COVID-19）网站上。 
7,这种病毒的来源是什么？,COVID-19由名为SARS-CoV-2的冠状病毒引起。冠状病毒是人类和许多不同的动物（包括骆驼、牛、猫和蝙蝠）身上常见的一大类病毒。在极少情况下动物冠状病毒能够感染人类，然后在人与人之间传播。这曾发生在MERS-CoV和SARS-CoV上，而现在又发生在引发COVID-19的病毒上。有关COVID-19来源和传播的更多信息参见疫情概况：病毒的来源和传播。    ,chinese,Frequently Asked Questions,"海外死者的遗体在运回美国之前，CDC 不要求进行尸检。根据死亡的具体情况，有些国家可能要求进行尸检。死者家庭可以向当地领事馆或大使馆、旅行保险提供商、旅行社，宗教组织和援助组织以及死者的雇主寻求支持。期间您可能需要提供死者身份正式鉴定和领事馆签发的官方文件。
CDC 对运送遗体回国的要求取决于遗体是否经过防腐处理、火化，或死者是否死于检疫传染病。 
目前，COVID-19 在美国属于检疫传染病，死者遗体必须符合《美国联邦法规法典》 第42 篇第 71.55 部分中的运回标准，并且必须满足以下情况才可批准、放行和授权遗体进入美国：

遗体已经过火化；或
遗体已经过适当的防腐处理，且置于密封棺材中；或
遗体附有 CDC 主任签发的许可证。遗体在运送期间必须始终随附 CDC 许可证（如适用）。
可以通过 CDC 全球移民与检疫处获得检疫传染病确诊或疑似患者遗体的运回许可证，请拨打 770-488-7100 联系 CDC 紧急应变中心或发送电子邮件至 dgmqpolicyoffice@cdc.gov。 



请参阅 CDC 指南 了解更多信息。 "
8,病毒如何传播？,"引发COVID-19的病毒被认为主要以人传人的方式，通过感染患者咳嗽或打喷嚏时产生的呼吸道飞沫进行传播。这些飞沫可能附着到附近的人的嘴巴或鼻子上，或者可能被吸入肺部。当人们近距离接触时（约6英尺以内）传播的可能性更高。
COVID-19在很多受影响地区的社区中似乎可以轻易且持续地传播（“社区传播”）。社区传播意味着人们已经在某个地区感染了这种病毒，其中包括不确定自己是在何处或如何受到感染的人。 
了解新发冠状病毒已知信息。 ",chinese,Frequently Asked Questions,据目前报道，COVID-19 患者的症状包括轻度至重度呼吸道疾病，伴有发烧1、咳嗽和呼吸困难。了解更多 COVID-19 症状。 
9,为什么出现病例上升？,美国所报告COVID-19病例数量由于实验室检测增加和全国报告而增加。病例数的增加部分地反映了COVID-19随着美国各州和领地出现社区传播而快速传播。更详细和准确的数据让我们可以更好地理解和追踪疫情爆发规模和范围，进而强化预防和应对工作。  ,chinese,Frequently Asked Questions,有关COVID-19及其传播方式，我们目前仍知之甚少。一般认为，此冠状病毒最主要通过呼吸飞沫传播。尽管此病毒在某些表面上能够存活一段较短的时间，但其不太可能通过在环境温度下已装运数天或数周的产品或包装进行传播。目前没有证据能够证明与进口商品相关的COVID-19传播，而美国也没有任何COVID-19病例与进口商品有关。已获得的相关信息将发布在新型冠状病毒肺炎|新冠病毒2019（COVID-19）网站上。 
10,COVID-19 患者会将疾病传播给其他人吗？,"引发COVID-19的病毒正在人际间传播。人们出现症状时（病情最严重）被认为传染性最高。因此CDC建议这类患者在医院或家中隔离（取决于病情），直至病情好转，不再有传染他人的风险。最近在无症状者中也检测到了病毒。 
患者的病毒活跃时间可能有所不同。因此，解除隔离的时间亦因人而异，需要采取基于检测或不基于检测的策略（即疾病开始后经过的时间以及恢复后经过的时间），与各州和本地公共卫生官员磋商决定，其中应考虑病情严重程度、疾病体征和症状，以及患者的实验室测试结果。
详细了解CDC关于何时可以解除隔离以及准许因COVID-19住院治疗的患者出院的指南。如需了解COVID-19患者何时能够停止居家隔离，请参阅关于COVID-19患者中止居家隔离的临时指南。  
解除隔离的人通常不会对他人构成感染风险。",chinese,Frequently Asked Questions,"COVID-19 是一种新的疾病， 我们仍在了解它的传播方式。一般认为，导致 COVID-19 的病毒主要是通过与正在患有 COVID-19 的人士密切接触（即约 6 英尺内）传播。这种病毒可能主要通过感染者咳嗽或打喷嚏时产生的呼吸道飞沫传播，类似于流感和其他呼吸道感染的传播方式。这些飞沫可能落在附近人群的口鼻处，或者被吸入肺部。因此，患者死后不会造成飞沫传播。 
人们可能会在接触了带有病毒的表面或物体之后又触摸自己的口鼻或眼部，并因此感染 COVID-19，但这并不是该病毒的主要传播方式。
我们不建议人们接触COVID-19死亡患者的遗体。老年人和患有严重基础疾病的各年龄段人群发生COVID-19重症的风险更高。这种病毒通过某些接触传播的可能性较小，例如在遗体满足探视条件的情况下握手或拥抱。如果可以，应在遗体处理完成之前、期间和之后避免其他活动，例如接吻、净身和裹布。如果净身或裹布是重要的宗教或文化习俗，建议家庭借助所在社区的文化和宗教领袖以及殡仪馆工作人员的帮助，尽量减少接触。从事殡仪活动的人员至少应戴一次性手套。如预计会有液体溅出，则还需佩戴其他个人防护设备（PPE）（例如一次性防护服、面罩或护目镜和N-95呼吸器）。
应根据所有清洁和消毒产品制造商指示（例如浓度、使用方法和接触时间）进行清洁。对于更难以杀灭的病毒，基于相关数据，由EPA批准的新发病毒性病原体产品pdf iconexternal iconpdf iconexternal icon据预测对于COVID-19病毒有效。脱掉PPE后，用肥皂和水洗手至少20秒，或者没有肥皂和水可用时，使用含至少60%酒精的免洗手消毒液保持手部卫生。如果双手明显脏污，应使用肥皂和水。  "
11,因 COVID-19 原因而被隔离的人会将疾病传播给他人吗？,隔离是指将曾经接触到传染性疾病、但尚未发生疾病（症状）的个人或群体与未接触到该疾病的其他人分开，以防止该疾病传播的可能。隔离通常根据传染病的潜伏期而确立，而潜伏期是指相关人员从接触病毒到发病的时间范围。COVID-19的隔离期为自最后一次接触之日起的14天，因为此病毒的潜伏期为2至14天。COVID-19的解除隔离人群通常不具有将病毒传播给他人的风险，因为他们在隔离期间没有发病。,chinese,Frequently Asked Questions,"美国民众可能对住在或前往COVID-19传播地区的亲友感到担心焦虑。有些人很担心通过这些人感染疾病。恐惧和焦虑会导致社会污名化的产生，例如，针对居住在世界某些地方的人、曾在国外旅行的人、曾被隔离的人或医疗护理专业人员。
污名是对可识别的某一人群、地区或国家的歧视。污名化的产生主要是由于缺乏对 COVID-19 的传播方式的认识、指责旁人的欲望、对疾病和死亡的恐惧，以及谣言和谬论的散播。
污名化会伤害到每一个人，因为它使人们对普通民众产生更多的恐惧或愤怒，而并非将注意力放在引起问题的疾病本身。"
12,引发COVID-19的病毒会通过食物（包括餐馆外卖食物、冷藏或冷冻包装食品）传播吗？,"一般认为，冠状病毒是通过呼吸道飞沫在人与人之间传播的。目前尚无证据支持COVID-19传播与食物相关。在备餐或进食之前，请务必用肥皂和清水洗手至少20秒，以确保一般性食品安全。每次咳嗽或打喷嚏时使用纸巾遮掩，并且每次擤鼻涕、咳嗽、打喷嚏或如厕后请务必洗手。
人们也可能通过接触沾染病毒的表面或物体（例如包装容器）然后触摸自己的眼口鼻而感染COVID-19，但这并非该病毒传播的主要方式。
一般而言，冠状病毒在表面上的存活性较差，因此通过食品或包装传播风险很低。
了解有关COVID-19 传播的已知信息。 ",chinese,Frequently Asked Questions,"CDC recommends that everyone 2 years and older wear a cloth face covering that covers their nose and mouth when they are out in the community. Cloth face coverings should NOT be put on babies or children younger than 2 because of the danger of suffocation. Children younger than 2 years of age are listed as an exception as well as anyone who has trouble breathing or is unconscious, incapacitated, or otherwise unable to remove the face covering without assistance.
Wearing cloth face coverings is a public health measure people should take to reduce the spread of COVID-19 in addition to (not instead of) social distancing, frequent hand cleaning ,and other everyday preventive actions. A cloth face covering is not intended to protect the wearer but may prevent the spread of virus from the wearer to others. This would be especially important if someone is infected but does not have symptoms. Medical face masks and N95 respirators are still reserved for healthcare personnel and other first responders, as recommended by current CDC guidance."
13,如果食物上有病毒，我是否会感染COVID-19？,基于迄今为止了解到的有关此新型冠状病毒的信息，COVID-19似乎不会通过食物传播，但仍需要进一步的调查方可确认。,chinese,Frequently Asked Questions,美国公民在美国境外死亡时，死者的近亲或法定代理人应通知美国国务院的美国领事官员。领事人员每周 7 天，每天 24 小时为美国公民提供海外紧急援助。如果死者的家庭成员、伴侣或法定代理人与死者不在同一国家，则应于东部时间周一至周五的上午 8 至下午 5 致电华盛顿特区的美国国务院海外公民服务办公室，电话为 888-407-4747（免费电话）或 202-501-4444 。如需在工作时间以外或周末和节假日寻求紧急援助，请拨打 202-647-4000 致电美国国务院总机，并要求与海外公民服务值班人员通话。此外，美国公民死亡地国家内或离该国最近的美国大使馆external iconexternal iconexternal icon可以提供帮助。 
14,温暖的天气会阻止 COVID-19 的爆发吗？,尚不清楚天气和温度是否会影响COVID-19的传播。其他一些其他病毒（如普通感冒和流感）在冬季寒冷天气中传播性更强，但这并不意味着在其他季节就没有感染病毒的风险。有关COVID-19的传播性、严重性和其他特性的知识还需进一步了解，目前仍在调查研究。,chinese,Frequently Asked Questions,"此列表基于：

我们通过其他国家和美国爆发的疫情所了解到的情况。
我们已知的其他呼吸道感染（例如流感）的风险情况。

随着CDC逐步获得有关美国COVID-19病例的更多信息，我们将在必要时更新此列表。"
15,什么是社区传播？,社区传播意味着人们已经在某个地区感染了这种病毒，其中包括不确定自己是在何处如何受到感染的人。,chinese,Frequently Asked Questions,"这是一种新型病毒，我们目前仍在了解的过程中。不过到目前为止，儿童病例似乎不太多。大多数病症，包括重症，都发生在工作年龄的成年人和老年人身上。但是，儿童的确会感染病毒并生病。全国各地很多学校均已宣布暂时停课。请随时关注您所在社区的学校停课通知。阅读或观看报告学校停课情况的当地媒体资源。如果学校临时停课，可以在需要时使用替代的儿童照护方案。
如果您的孩子感染COVID-19，通知其幼儿园或学校。与老师讨论课堂作业以及他们可以在家做的活动，以跟上学业进度。
阻止儿童和青少年在学校停课期间在其他公共场所聚集，帮助减缓社区COVID-19传播。"
16,杀死COVID-19病毒的温度是什么？,一般而言，冠状病毒在高温高湿的环境中存活的时间比在凉爽干燥的环境中更短。但是，我们目前还没有关于此病毒的直接数据，也没有基于温度的失活截止时间的直接数据。必要的温度也应基于表面的材料和环境等因素。无论温度条件如何，均请遵守CDC的清洁和消毒指南。 ,chinese,Frequently Asked Questions,"引发COVID-19的病毒被认为主要以人传人的方式，通过感染患者咳嗽或打喷嚏时产生的呼吸道飞沫进行传播。这些飞沫可能附着到附近的人的嘴巴或鼻子上，或者可能被吸入肺部。当人们近距离接触时（约6英尺以内）传播的可能性更高。
COVID-19在很多受影响地区的社区中似乎可以轻易且持续地传播（“社区传播”）。社区传播意味着人们已经在某个地区感染了这种病毒，其中包括不确定自己是在何处或如何受到感染的人。 
了解新发冠状病毒已知信息。 "
17,蚊子或扁虱是否能够传播COVID-19病毒？,CDC目前还没有数据表明这种新型冠状病毒或其类似的冠状病毒会通过蚊子或扁虱传播。COVID-19传播的主要方式为人传人。参看冠状病毒如何传播，获取更多信息。 ,chinese,Frequently Asked Questions,每个地方的检测流程和地点都不一样。联系您的州、本地、部落或领地相关部门获取更多信息，或联系医疗卫生提供者。州和本地公共卫生部门已经收到了来自CDC的检测工具，而医疗卫生提供者的检测工具来自商业生产商。虽然这些检测的供给在增加，但要找到获得检测的地方可能还是很困难。查看COVID-19检测获取更多信息。 
18,我在美国是否有感染 COVID-19 的风险？,疫情局势发展迅速，风险评估可能每天都有变化。您可前往 CDC 的新型冠状病毒肺炎|新冠肺炎2019（COVID-19）网站了解最新动态。 ,chinese,Frequently Asked Questions,根据已有证据，儿童COVID-19患病风险并不比成人高。虽然已有一些儿童和婴儿因COVID-19染病，但目前已知病例大多数是成人。您可以访问患重症风险更高的人群了解哪些人群因COVID-19患上重症的风险更高。 
19,美国已报告了多少病例？,美国的COVID-19病例数量会定期在线更新。请参阅当前美国COVID-19病例数。 ,chinese,Frequently Asked Questions,CDC正与其他联邦合作伙伴一起提供全政府疫情应对。这是一个新发、快速发展的疫情，而CDC将继续提供最新信息。CDC24/7会尽一切力量保护人们的健康。更多关于CDC应对COVID-19疫情的信息可从线上获得。 
20,我该如何保护自己？,访问COVID-19预防和治疗页面，了解如何保护自己不感染呼吸道疾病，如COVID-19。 ,chinese,Frequently Asked Questions,鉴于有关COVID-19传播方式的新数据，以及在全国各地社区中广泛传播的COVID-19疾病的相关证据，CDC建议人们在社区环境中佩戴布制面罩遮掩口鼻。这是人们为了减少COVID-19的传播应当采取的另一项公共卫生措施，补充（而非替代）保持社交距离、经常清洁手部和其他日常预防措施。布制面罩并非用于保护佩戴者，而是可以防止佩戴者将病毒传播给他人。这对于无症状感染者而言尤为重要。如果某人必须进入公共场所（例如杂货店），则应佩戴布制面罩。依照CDC现行指南中的建议，医用口罩和N-95口罩应留给医护人员和其他应急响应者使用。 
21,如果我与COVID-19患者有过密切接触该怎么办？,可从网上获取关于COVID-19确诊人员或被检测人员近距离接触人员的信息。 ,chinese,Frequently Asked Questions,基于迄今为止了解到的有关此新型冠状病毒的信息，COVID-19似乎不会通过食物传播，但仍需要进一步的调查方可确认。
22,CDC是否建议使用口罩或布制面罩来预防COVID-19？,鉴于有关COVID-19传播方式的新数据，以及在全国各地社区中广泛传播的COVID-19疾病的相关证据，CDC建议人们在社区环境中佩戴布制面罩遮掩口鼻。这是人们为了减少COVID-19的传播应当采取的另一项公共卫生措施，补充（而非替代）保持社交距离、经常清洁手部和其他日常预防措施。布制面罩并非用于保护佩戴者，而是可以防止佩戴者将病毒传播给他人。这对于无症状感染者而言尤为重要。如果某人必须进入公共场所（例如杂货店），则应佩戴布制面罩。依照CDC现行指南中的建议，医用口罩和N-95口罩应留给医护人员和其他应急响应者使用。 ,chinese,Frequently Asked Questions,"COVID-19患者病逝后可以举行葬礼和吊唁活动。在承接COVID-19逝者葬礼时，殡仪馆工作人员应遵守其常规传染预防和控制措施。如果需要将尸体装入尸袋，遵循标准预防措施，包括为预计可能出现的液体飞溅准备的额外个人防护用品（PPE）。对于运输装袋后的尸体，使用EPA批准适用于新发病毒性病原体的产品pdf iconexternal iconpdf iconexternal icon对尸袋外部进行消毒，因为根据耐受病毒的数据，这些产品预计会对COVID-19病毒有效。使用所有清洁和消毒产品时，遵循制造商指示（包括浓度、使用方法和接触时间等）。处理尸袋时，戴上一次性丁腈手套。  
可进行尸体防腐处理。尸体防腐期间，遵守标准预防措施，包括如果预计出现飞溅，使用额外PPE（例如一次性罩袍、面罩和N95口罩）。如果任何程序会产生气溶胶或者如果需要根据制造商标签使用化学品，穿戴相应的呼吸道防护用品。如果存在割伤、刺伤或其他破坏皮肤的伤害风险，穿戴重型手套而非一次性丁腈手套。关于如何安全进行产生气溶胶的程序相关更多信息，参见CDC尸检指南。清洁应根据制造商指示进行。根据来自更耐受病毒的数据，EPA批准适用于新发病毒性病原体的产品pdf iconexternal iconpdf iconexternal icon预计对COVID-19病毒有效。遵循制造商指示使用所有清洁和消毒产品（包括浓度、使用方法和接触时间）。  
清洁并脱卸 PPE 后，使用肥皂和清水洗手至少 20 秒，或者如果没有肥皂和水，使用含至少 60%酒精的免洗手消毒液，保持手部卫生。如果手部有明显污渍，则应使用肥皂和水洗手。 
可以对 COVID-19 死亡患者的遗体进行掩埋或火化，但是应检查州及地方政府是否对处理和处置某些传染病死亡患者遗体有其他要求。"
23,从中国寄出的包裹或产品会有传播 COVID-19 的风险吗？,有关COVID-19及其传播方式，我们目前仍知之甚少。一般认为，此冠状病毒最主要通过呼吸飞沫传播。尽管此病毒在某些表面上能够存活一段较短的时间，但其不太可能通过在环境温度下已装运数天或数周的产品或包装进行传播。目前没有证据能够证明与进口商品相关的COVID-19传播，而美国也没有任何COVID-19病例与进口商品有关。已获得的相关信息将发布在新型冠状病毒肺炎|新冠病毒2019（COVID-19）网站上。 ,chinese,Frequently Asked Questions,"在疫情爆发期间，您应保持冷静并实施您的应对计划。采取下列措施：
保护您和他人。

如果您已生病，请待在家中。远离生病的人。尽可能限制与他人之间的近距离接触（约6英尺）。

实施您的家庭计划。

随时关注当地COVID-19最新疫情。关注您所在地区的学校临时停课通知，因为这可能影响您家庭的日常生活。


继续执行每日预防措施。咳嗽和打喷嚏时用纸巾遮住，并经常用肥皂和水洗手20秒以上。如果没有肥皂和水，使用含60%酒精的免洗手消毒液。使用日常家用清洁剂和水每天清洁频繁接触的表面和物体。
如果您的固定工作时间表发生了变动，请尽快通知您的工作场所。如果您或您的某位家人出现了COVID-19症状，或者您孩子的学校暂时停课，可要求在家里工作或请假。了解企业和雇主可以如何针对COVID-19制定计划并进行应对。  
通过电话或电子邮件与他人保持联系。如果您存在慢性健康问题并独自居住，可请家人、朋友和医务人员在疫情爆发期间定期查看您的情况。与家人和朋友保持联系，特别是重病风险较高人群，例如老年人和存在严重的慢性健康问题的人群。 

"
24,我可以献血吗？,在美国各地的医疗设施中，献血对于照护病人和拯救生命至关重要。对献血的需求持续存在，而各血液中心也均已开放，并亟需献血。CDC鼓励身体健康的人们在条件允许时继续献血，即使其由于COVID-19正在保持社交距离也可以献血。CDC通过提供有助于保证献血者和血液中心工作人员安全的建议来为献血中心提供支持。这些建议的例子包括将献血者座椅相互间隔6英尺、严格遵守环境清洁规范，并鼓励献血者提前预约献血。,chinese,Frequently Asked Questions,"引发COVID-19的病毒被认为主要以人传人的方式，通过感染患者咳嗽或打喷嚏时产生的呼吸道飞沫进行传播。这些飞沫可能附着到附近的人的嘴巴或鼻子上，或者可能被吸入肺部。当人们近距离接触时（约6英尺以内）传播的可能性更高。
COVID-19在很多受影响地区的社区中似乎可以轻易且持续地传播（“社区传播”）。社区传播意味着人们已经在某个地区感染了这种病毒，其中包括不确定自己是在何处或如何受到感染的人。 
了解新发冠状病毒已知信息。 "
25,隐形眼镜佩戴者应采取特殊预防措施预防COVID-19吗？,"

当前没有证据表明隐形眼镜佩戴者比框架眼睛佩戴者感染COVID-19的风险更高。
隐形眼镜佩戴者应继续采取隐形眼镜佩戴和护理卫生习惯，有利于预防隐形眼镜相关的传染传播，例如总是在接触镜片前用肥皂和水洗手。 
健康人员仍可继续根据眼部护理专业人员的指示佩戴和护理其隐形眼镜。

发现更多关于冠状病毒如何传播和如何自我保护的信息。  
访问CDC隐形眼镜网站获取更多关于健康隐形眼镜佩戴和护理的信息。 ",chinese,Frequently Asked Questions,疫情局势发展迅速，风险评估可能每天都有变化。您可前往 CDC 的新型冠状病毒肺炎|新冠肺炎2019（COVID-19）网站了解最新动态。 
26,隐形眼镜消毒护理液是否可以有效预防COVID-19病毒？,"

用于清洁、消毒和存储隐形眼镜的双氧水溶液应有效杀灭COVID-19病毒。
对于其他消毒方法，例如多功能溶液和超声波清洗器，当前还没有足够的科学证据确定其对于该病毒的有效性。


总是使用溶液为你的隐形眼镜和眼镜盒消毒，杀灭可能存在的细菌。
在经过清洁和消毒的表面上处理隐形眼镜。

发现更多关于冠状病毒如何传播和如何自我保护的信息。  
访问CDC隐形眼镜网站获取更多关于健康隐形眼镜佩戴和护理的信息。 ",chinese,Frequently Asked Questions,"引发COVID-19的病毒被认为主要以人传人的方式，通过感染患者咳嗽或打喷嚏时产生的呼吸道飞沫进行传播。这些飞沫可能附着到附近的人的嘴巴或鼻子上，或者可能被吸入肺部。当人们近距离接触时（约6英尺以内）传播的可能性更高。
COVID-19在很多受影响地区的社区中似乎可以轻易且持续地传播（“社区传播”）。社区传播意味着人们已经在某个地区感染了这种病毒，其中包括不确定自己是在何处或如何受到感染的人。 
了解新发冠状病毒已知信息。 "
27,我的孩子感染COVID-19的风险是什么？,根据已有证据，儿童COVID-19患病风险并不比成人高。虽然已有一些儿童和婴儿因COVID-19染病，但目前已知病例大多数是成人。您可以访问患重症风险更高的人群了解哪些人群因COVID-19患上重症的风险更高。 ,chinese,Frequently Asked Questions,"

用于清洁、消毒和存储隐形眼镜的双氧水溶液应有效杀灭COVID-19病毒。
对于其他消毒方法，例如多功能溶液和超声波清洗器，当前还没有足够的科学证据确定其对于该病毒的有效性。


总是使用溶液为你的隐形眼镜和眼镜盒消毒，杀灭可能存在的细菌。
在经过清洁和消毒的表面上处理隐形眼镜。

发现更多关于冠状病毒如何传播和如何自我保护的信息。  
访问CDC隐形眼镜网站获取更多关于健康隐形眼镜佩戴和护理的信息。 "
28,我如何保护孩子不受COVID-19感染？,"您可以鼓励孩子帮助阻止COVID-19传播，教他们做每个人都应该做的事情，保持健康。

避免与病人密切接触。
生病时待在家里，除非需要获得医学护理。
咳嗽或打喷嚏时用纸巾遮住口鼻，然后将纸巾扔进垃圾桶。
经常用肥皂和水洗手20秒以上，尤其是擤鼻涕、咳嗽或打喷嚏后、如厕后，以及用餐或做饭前。
如果无法马上找到肥皂和水，可使用酒精含量至少为60%的免洗手消毒液。只要双手有可见的脏污，就应使用肥皂和水进行清洗。
对经常接触的表面和物体进行清洁和消毒（例如桌子、台面、灯开关、门把手和柜门把手）。
根据制造商说明清洗物品，包括清洗可洗涤毛绒玩具。如有可能，使用物品最高可承受的温度洗涤并完全晾干。病人的脏衣服也可与他人的物品一起洗涤。

您可以在2019新型冠状病毒预防和预防COVID-19在社区传播中找到更多预防COVID-19的信息。查看COVID-19如何传播了解更多COVID-19如何传播的信息。   
关于​​​​​​​新型冠状病毒肺炎 | 新冠肺炎2019（COVID-19）的更多信息可线上获得。 ",chinese,Frequently Asked Questions,"COVID-19是一种新出现的疾病，目前有关导致严重疾病的风险因素信息很少。基于目前可获得的信息以及临床专业知识，老年人以及患有严重基础疾病的各年龄段人群因为COVID-19而患上重病的风险可能较高。  
据我们目前所知，COVID-19 重病的高危人群有：

65岁及以上的人士
住在养老院或长期护理设施的人群

各年龄段有基础疾病的人，尤其是未得到良好控制的人，包括：

慢性肺病或中度至重度哮喘的患者
严重心脏病患者
免疫功能低下的人 
有多种情况会导致患者免疫功能低下，包括癌症治疗、抽烟、骨髓或器官移植、免疫缺陷、HIV或AIDS病情控制不当，以及长时间服用类固醇或其他有损免疫功能的药物


严重肥胖人士（体重指数[BMI] ≥40）
糖尿病患者
正在接受透析的慢性肾病患者
肝病患者

"
29,儿童和成人的COVID-19症状不同吗？,没有不同。COVID-19症状在儿童和成人身上表现类似。但是，确诊COVID-19的儿童通常表现出轻微症状。儿童身上的报告症状包括类似感冒的症状，例如发烧、流鼻涕和咳嗽。也曾报告出现过呕吐和腹泻。一些儿童是否重症风险更高还未可知，例如，存在基础疾病和特殊医疗护理需求的儿童。关于这个疾病对儿童的影响，还有很多未知。,chinese,Frequently Asked Questions,"2020 年 2 月 11 日，世界卫生组织宣布了导致最初于中国武汉发现的 2019 年新型冠状病毒爆发的疾病官方名称。该疾病的新名称是新型冠状病毒肺炎2019，缩写为 COVID-19。在 COVID-19 中，“CO”代表“冠状”、“VI”代表“病毒”，以及“D”代表“疾病”。该疾病此前被称为“2019 年新型冠状病毒”或“2019-nCoV”。 
人类冠状病毒有很多种，其中一些通常导致轻度上呼吸道疾病。COVID-19是一种由此前尚未在人体中发现的新型（或新的）冠状病毒引起的新疾病。此疾病名称根据世界卫生组织（WHO）新型人类传染疾病命名最佳实践external iconexternal icon而定。  "
30,儿童应该戴口罩吗？,"CDC recommends that everyone 2 years and older wear a cloth face covering that covers their nose and mouth when they are out in the community. Cloth face coverings should NOT be put on babies or children younger than 2 because of the danger of suffocation. Children younger than 2 years of age are listed as an exception as well as anyone who has trouble breathing or is unconscious, incapacitated, or otherwise unable to remove the face covering without assistance.
Wearing cloth face coverings is a public health measure people should take to reduce the spread of COVID-19 in addition to (not instead of) social distancing, frequent hand cleaning ,and other everyday preventive actions. A cloth face covering is not intended to protect the wearer but may prevent the spread of virus from the wearer to others. This would be especially important if someone is infected but does not have symptoms. Medical face masks and N95 respirators are still reserved for healthcare personnel and other first responders, as recommended by current CDC guidance.",chinese,Frequently Asked Questions,"
当前，没有证据表明服用布洛芬或萘普生会导致更严重的COVID-19感染情况。
患有高血压的人群应遵医嘱服用降压药，并应配合医生使血压尽量得到控制。任何有关药物的变更只应通过您的医疗提供方完成。
"
31,如何让我的孩子做好准备以应对所在社区中的COVID-19疫情爆发？,疫情爆发可能对成人和儿童造成精神压力。与您的孩子讨论疫情爆发，试着保持冷静并向他们保证他们很安全。如果合适的话，可向其解释COVID-19的大多数病情似乎都较轻。儿童对压力情况的反应与成人不同。CDC提供了一些资源以帮助家长与孩子谈论COVID-19。  ,chinese,Frequently Asked Questions,"

当前没有证据表明隐形眼镜佩戴者比框架眼睛佩戴者感染COVID-19的风险更高。
隐形眼镜佩戴者应继续采取隐形眼镜佩戴和护理卫生习惯，有利于预防隐形眼镜相关的传染传播，例如总是在接触镜片前用肥皂和水洗手。 
健康人员仍可继续根据眼部护理专业人员的指示佩戴和护理其隐形眼镜。

发现更多关于冠状病毒如何传播和如何自我保护的信息。  
访问CDC隐形眼镜网站获取更多关于健康隐形眼镜佩戴和护理的信息。 "
32,家长应采取哪些措施以便在社区疫情爆发时保护孩子？,"这是一种新型病毒，我们目前仍在了解的过程中。不过到目前为止，儿童病例似乎不太多。大多数病症，包括重症，都发生在工作年龄的成年人和老年人身上。但是，儿童的确会感染病毒并生病。全国各地很多学校均已宣布暂时停课。请随时关注您所在社区的学校停课通知。阅读或观看报告学校停课情况的当地媒体资源。如果学校临时停课，可以在需要时使用替代的儿童照护方案。
如果您的孩子感染COVID-19，通知其幼儿园或学校。与老师讨论课堂作业以及他们可以在家做的活动，以跟上学业进度。
阻止儿童和青少年在学校停课期间在其他公共场所聚集，帮助减缓社区COVID-19传播。",chinese,Frequently Asked Questions,"采取日常预防措施以帮助降低您的患病风险并提醒您家中的每个人也这样做。这些措施对于老年人以及患有严重慢性疾病的人尤为重要。

避免与病人密切接触。
生病时待在家里，除非需要获得医学护理。
咳嗽或打喷嚏时用纸巾遮住口鼻，然后将纸巾扔进垃圾桶。
经常用肥皂和水洗手20秒以上，尤其是擤鼻涕、咳嗽或打喷嚏后、如厕后，以及用餐或做饭前。
如果无法马上找到肥皂和水，可使用酒精含量至少为60%的免洗手消毒液。只要双手有可见的脏污，就应使用肥皂和水进行清洗。
对经常接触的表面和物体进行清洁和消毒（例如桌子、台面、灯开关、门把手和柜门把手）。
根据制造商说明清洗物品，包括清洗可洗涤毛绒玩具。如有可能，使用物品最高可承受的温度洗涤并完全晾干。病人的脏衣服也可与他人的物品一起洗涤。

"
33,学校停课期间，我的孩子可以和朋友一起出去玩吗？,"

减缓COVID-19传播的关键是保持社交距离。学校停课时，儿童不应与其他家庭的孩子见面一起玩耍。如果儿童在自己家外面玩耍，他们必须与家庭以外的其他人保持6英尺距离。
在保持社交距离期间，帮助孩子维持社交联系，让他们在您的监督下跟朋友打电话或视频通话。
确保孩子养成日常预防习惯，比如经常用肥皂和水洗手。请记住，如果孩子们在校外集体聚会，可能会将每个人都置于危险之中。  
如果春假计划包括非必要旅行，更改计划。


有关儿童感染COVID-19的信息较为有限，但目前的数据表明，患有COVID-19的儿童可能只表现出轻微症状。然而，他们仍然可能将这种病毒传播给其他高危人群，包括老年人和患有严重基础疾病的人群。  

",chinese,Frequently Asked Questions,目前尚不清楚在葬礼或探视中与 COVID-19 死亡患者同处一室是否存在风险。
34,学校停课期间，我该如何帮助孩子继续学习？,"

与孩子的学校保持联系。

很多学校提供网络课程（虚拟学习）。查看学校布置的作业，并帮助您的孩子制定合理的作业进度。您可能需要帮助孩子打开设备、阅读说明和输入答案。
让学校知道您遇到的挑战。如果遇到技术或连接问题，或者您的孩子完成作业有困难，请告知学校。


为在家学习制定一个时间表和日常作息，但要保持灵活性。

周一到周五保持固定的就寝时间和起床时间。
合理安排一天的学习时间、自由活动时间、健康餐饮和零食时间，以及体育锻炼时间。
日程安排可以更有灵活性，可根据您一天的情况随时调整。


考虑您孩子所在年龄层的需要进行调整。

对于学龄前儿童、学前班至5年级小学生、初中生和高中生来说，接受在家学习这种转变的心态会有所不同。和孩子们谈谈他们的期望，以及他们如何适应在家里而不是在学校学习。
想出一些您的孩子可以和朋友不必见面也能保持联系的方式。


寻找让学习具有趣味性的方法。

开展一些动手活动，如拼图、绘画、素描和手工制作。
自主活动也可以代替结构化学习。鼓励孩子们利用纸板筑堡垒或搭积木练习数数。
通过给家人写信来练习书写和语法，这是保持联系并减少见面的一个很好的方式。
和孩子一起开始写日记，记录这次的经历，并谈谈共同的体会。
使用有声读物，或者查看当地的图书馆是否正在举办虚拟或直播的阅读活动。



",chinese,Frequently Asked Questions,COVID-19由名为SARS-CoV-2的冠状病毒引起。冠状病毒是人类和许多不同的动物（包括骆驼、牛、猫和蝙蝠）身上常见的一大类病毒。在极少情况下动物冠状病毒能够感染人类，然后在人与人之间传播。这曾发生在MERS-CoV和SARS-CoV上，而现在又发生在引发COVID-19的病毒上。有关COVID-19来源和传播的更多信息参见疫情概况：病毒的来源和传播。    
35,学校停课期间，孩子们可以去学校用餐吗？,在学校停课期间，与学校确认膳食服务是否继续提供。许多学校的设施依然开放，允许家庭前去取餐，或者集中在某一地点提供自取免费餐。,chinese,Frequently Asked Questions,"COVID-19是一种新出现的疾病，目前有关导致严重疾病的风险因素信息很少。基于目前可获得的信息以及临床专业知识，老年人以及患有严重基础疾病的各年龄段人群因为COVID-19而患上重病的风险可能较高。  
据我们目前所知，COVID-19 重病的高危人群有：

65岁及以上的人士
住在养老院或长期护理设施的人群

各年龄段有基础疾病的人，尤其是未得到良好控制的人，包括：

慢性肺病或中度至重度哮喘的患者
严重心脏病患者
免疫功能低下的人 
有多种情况会导致患者免疫功能低下，包括癌症治疗、抽烟、骨髓或器官移植、免疫缺陷、HIV或AIDS病情控制不当，以及长时间服用类固醇或其他有损免疫功能的药物


严重肥胖人士（体重指数[BMI] ≥40）
糖尿病患者
正在接受透析的慢性肾病患者
肝病患者

"
36,学校停课期间，如何保持家人健康？,"

观察您的孩子是否有任何疾病症状。

如果您发现任何符合COVID-19症状的体征，特别是发烧、咳嗽或气短，请联系您的医疗卫生提供者并让孩子待在家里，尽量远离他人。遵循CDC的如果生病了应该怎么办指南。 


观察您孩子的压力征兆

观察一些常见的变化，包括过度担心或忧伤、不健康的饮食和睡眠习惯，以及无法集中精力。如需获取更多信息，请查看CDC网站“致父母”部分，管理焦虑和压力。 
花时间与您的孩子讨论COVID-19疫情爆发。以您的孩子能够理解的方式解答问题并分享有关COVID-19的事实。 
访问CDC帮助儿童处理突发事件或与儿童谈论COVID-19获取更多信息。  


教导并加强日常预防措施。  
父母和看护人在教导孩子洗手方面起着重要作用。让孩子明白洗手可以保持他们的健康，并阻止将病毒传播给其他人。
以身作则，如果您经常洗手，孩子们也很可能这样做。
让洗手成为一项家庭习惯。 


帮助您的孩子保持活跃。

鼓励您的孩子到户外活动，这对身心健康都有益处。和孩子一起散步或骑自行车。
每天采取室内休息活动（拉伸休息、舞蹈休息），帮助您的孩子保持健康和专注。


帮助您的孩子保持社交联系。

通过电话或视频聊天与朋友和家人联系。
给可能无法探望的家人写卡片或信件。
一些学校和非营利组织，例如学术、社会和情绪学习协作组织external iconexternal icon和耶鲁情绪智力中心external iconexternal icon，具备社会和情绪学习资源。查看您的学校是否提供提示和指南，支持您地孩子的社会和情绪学习需求。  



",chinese,Frequently Asked Questions,一般而言，得到良好控制意味着您的状况稳定、无生命威胁，并且实验室评估和其他检验结果与不存在健康问题者很相似。如果您对自己的健康或者目前管理自己健康状况的方式存在疑问，则应与医务人员交谈。
37,学校停课期间，减少与老年人，包括有慢性疾病的亲戚和患者在一起的时间。,"老年人和患有严重基础疾病的人群感染COVID-19的风险最高。

如果您家中的其他人患上 COVID-19 重症的风险特别高，请考虑采取额外预防措施，将您的孩子与这些人隔离。​​​​​​​ 
如果您在学校关闭期间无法在家陪您的孩子，慎重考虑提供照护的最佳人员。如果由COVID-19高风险的人（老年人，例如祖父母或患有慢性疾病的人）提供照顾，限制孩子与其他人的接触时间。
考虑推迟去看望年长家庭成员和祖父母的探视或旅行。通过网络或写信和发送邮件与他们联系。

",chinese,Frequently Asked Questions,"2020 年 2 月 11 日，世界卫生组织宣布了导致最初于中国武汉发现的 2019 年新型冠状病毒爆发的疾病官方名称。该疾病的新名称是新型冠状病毒肺炎2019，缩写为 COVID-19。在 COVID-19 中，“CO”代表“冠状”、“VI”代表“病毒”，以及“D”代表“疾病”。该疾病此前被称为“2019 年新型冠状病毒”或“2019-nCoV”。 
人类冠状病毒有很多种，其中一些通常导致轻度上呼吸道疾病。COVID-19是一种由此前尚未在人体中发现的新型（或新的）冠状病毒引起的新疾病。此疾病名称根据世界卫生组织（WHO）新型人类传染疾病命名最佳实践external iconexternal icon而定。  "
38,我和我的家庭如何做好应对COVID-19的准备？,"制定家庭行动计划有助于在您的社区中爆发COVID-19疫情时保护您和您家人的健康：

与需要纳入您计划的人们沟通，讨论如果您的社区爆发COVID-19怎么办。 
计划如何照顾那些更有可能出现严重并发症的人，特别是老年人以及严重慢性病患者，例如心脏病、肺病和肾病。  
确保您备有数周用量的药物和日常用品，以供长期居家生活之需。


了解您的邻居，并查明您所在街区是否有可供联络之用的网站或社交媒体页面。
制定一份本地组织清单，在您需要获取信息、医疗卫生服务、支持和资源时，您和您的家人可以联系这些组织。
创建紧急联系人列表，包括家人、朋友、邻居、拼车驾驶员、健康护理提供者、老师、雇主、本地公共卫生部门，以及其他社区资源。

",chinese,Frequently Asked Questions,疫情局势发展迅速，风险评估可能每天都有变化。您可前往 CDC 的新型冠状病毒肺炎|新冠肺炎2019（COVID-19）网站了解最新动态。 
39,我的家庭可以采取哪些措施来降低感染COVID-19的风险？,"采取日常预防措施以帮助降低您的患病风险并提醒您家中的每个人也这样做。这些措施对于老年人以及患有严重慢性疾病的人尤为重要。

避免与病人密切接触。
生病时待在家里，除非需要获得医学护理。
咳嗽或打喷嚏时用纸巾遮住口鼻，然后将纸巾扔进垃圾桶。
经常用肥皂和水洗手20秒以上，尤其是擤鼻涕、咳嗽或打喷嚏后、如厕后，以及用餐或做饭前。
如果无法马上找到肥皂和水，可使用酒精含量至少为60%的免洗手消毒液。只要双手有可见的脏污，就应使用肥皂和水进行清洗。
对经常接触的表面和物体进行清洁和消毒（例如桌子、台面、灯开关、门把手和柜门把手）。
根据制造商说明清洗物品，包括清洗可洗涤毛绒玩具。如有可能，使用物品最高可承受的温度洗涤并完全晾干。病人的脏衣服也可与他人的物品一起洗涤。

",chinese,Frequently Asked Questions,遵守您当地的卫生官员的建议。尽可能待在家中。与您的雇主讨论可否在在家办公。如果您或您的某位家人出现了COVID-19症状，或者您孩子的学校暂时停课，可向雇主请假。雇主应认识到，在社区疫情爆发期间，可能更多员工需要待在家中照看生病的孩子或其他生病的家庭成员。 
40,如果我家中的某人感染了COVID-19，我应该怎么做？,"大多数COVID-19患者都能够在家中康复。对于在家中进行康复治疗的人及其护理人员，CDC提供了一些指示，包括： 

生病时待在家里，除非需要获得医学护理。

何时寻求医学治疗如果您出现COVID-19紧急警告体征，请立刻寻求医学治疗。紧急警告体征包括*：

呼吸困难
胸部持续疼痛或压迫感
精神恍惚或意识不清
嘴唇或脸色发紫

*此处未列出所有症状。如有其他严重或令人担心的症状，请咨询您的医疗服务提供者。



让生病的家庭成员使用单独的房间和卫生间（如果可能的话）。
经常用肥皂和水洗手20秒以上，尤其是擤鼻涕、咳嗽或打喷嚏后、如厕后，以及用餐或做饭前。
如果无法马上找到肥皂和水，可使用酒精含量至少为60%的免洗手消毒液。只要双手有可见的脏污，就应使用肥皂和水进行清洗。
为您的生病家庭成员提供干净的可丢弃口罩，在家佩戴（如有），避免将COVID-19传播给其他人。
按需清洁病人房间和卫生间，避免与病人非必要的接触。
避免共用个人物品，例如餐具、食品和饮料。

",chinese,Frequently Asked Questions,一般而言，冠状病毒在高温高湿的环境中存活的时间比在凉爽干燥的环境中更短。但是，我们目前还没有关于此病毒的直接数据，也没有基于温度的失活截止时间的直接数据。必要的温度也应基于表面的材料和环境等因素。无论温度条件如何，均请遵守CDC的清洁和消毒指南。 
41,如何做好准备应对我的孩子所在学校、儿童看护机构或大学关闭？,与学校或相关机构讨论其应急预案。了解学校在关闭期间继续开展教育和社会服务的计划（如学生餐计划）。如果您的孩子在上大学，鼓励他们了解学校应对COVID-19疫情爆发的计划。  ,chinese,Frequently Asked Questions,访问COVID-19预防和治疗页面，了解如何保护自己不感染呼吸道疾病，如COVID-19。 
42,如何在工作场所做好应对COVID-19的准备？,为您的工作场所可能发生的变动做好准备。与您的雇主讨论其应急预案，包括病假政策和远程办公选项。了解企业和雇主可以如何针对COVID-19制定计划并进行应对。 ,chinese,Frequently Asked Questions,"

观察您的孩子是否有任何疾病症状。

如果您发现任何符合COVID-19症状的体征，特别是发烧、咳嗽或气短，请联系您的医疗卫生提供者并让孩子待在家里，尽量远离他人。遵循CDC的如果生病了应该怎么办指南。 


观察您孩子的压力征兆

观察一些常见的变化，包括过度担心或忧伤、不健康的饮食和睡眠习惯，以及无法集中精力。如需获取更多信息，请查看CDC网站“致父母”部分，管理焦虑和压力。 
花时间与您的孩子讨论COVID-19疫情爆发。以您的孩子能够理解的方式解答问题并分享有关COVID-19的事实。 
访问CDC帮助儿童处理突发事件或与儿童谈论COVID-19获取更多信息。  


教导并加强日常预防措施。  
父母和看护人在教导孩子洗手方面起着重要作用。让孩子明白洗手可以保持他们的健康，并阻止将病毒传播给其他人。
以身作则，如果您经常洗手，孩子们也很可能这样做。
让洗手成为一项家庭习惯。 


帮助您的孩子保持活跃。

鼓励您的孩子到户外活动，这对身心健康都有益处。和孩子一起散步或骑自行车。
每天采取室内休息活动（拉伸休息、舞蹈休息），帮助您的孩子保持健康和专注。


帮助您的孩子保持社交联系。

通过电话或视频聊天与朋友和家人联系。
给可能无法探望的家人写卡片或信件。
一些学校和非营利组织，例如学术、社会和情绪学习协作组织external iconexternal icon和耶鲁情绪智力中心external iconexternal icon，具备社会和情绪学习资源。查看您的学校是否提供提示和指南，支持您地孩子的社会和情绪学习需求。  



"
43,我是否应使用肥皂和水或免洗手消毒液来预防感染COVID-19？,洗手是保护您与您的家人远离疾病的最佳途径之一。经常用肥皂和水洗手20秒以上，尤其是擤鼻涕、咳嗽或打喷嚏后、如厕后，以及用餐或做饭前。如果没有现成的肥皂和水，可使用酒精含量至少为60%的免洗手消毒液。,chinese,Frequently Asked Questions,CDC正与其他联邦合作伙伴一起提供全政府疫情应对。这是一个新发、快速发展的疫情，而CDC将继续提供最新信息。CDC24/7会尽一切力量保护人们的健康。更多关于CDC应对COVID-19疫情的信息可从线上获得。 
44,我应使用何种清洁产品来预防感染COVID-19？,对频繁接触表面进行清洁和消毒，例如桌子、门把手、电灯开关、台面、扶手、书桌、电话、键盘、马桶、水龙头和水槽。如果表面有脏污，消毒之前先使用清洁剂或肥皂和水进行清洁。大多数EPA注册的常见家用消毒剂均可有效地用于消毒。查看CDC关于家庭清洁和消毒的建议。  ,chinese,Frequently Asked Questions,"制定家庭行动计划有助于在您的社区中爆发COVID-19疫情时保护您和您家人的健康：

与需要纳入您计划的人们沟通，讨论如果您的社区爆发COVID-19怎么办。 
计划如何照顾那些更有可能出现严重并发症的人，特别是老年人以及严重慢性病患者，例如心脏病、肺病和肾病。  
确保您备有数周用量的药物和日常用品，以供长期居家生活之需。


了解您的邻居，并查明您所在街区是否有可供联络之用的网站或社交媒体页面。
制定一份本地组织清单，在您需要获取信息、医疗卫生服务、支持和资源时，您和您的家人可以联系这些组织。
创建紧急联系人列表，包括家人、朋友、邻居、拼车驾驶员、健康护理提供者、老师、雇主、本地公共卫生部门，以及其他社区资源。

"
45,如果无法在商店中买到免洗手消毒液，我应该自己制作吗？,"


CDC推荐用肥皂和水洗手至少20秒，或者在没有肥皂和水可用时，使用含至少60%酒精的免洗手部消毒液。这些均为个人可以采取的日常预防措施，以减缓呼吸系统疾病（如COVID-19）的传播。 

洗手时，您可以使用普通肥皂或抗菌肥皂。普通肥皂跟抗菌肥皂一样可以有效移除细菌。
如果没有肥皂和水可用，您可以使用FDA批准的含至少60%酒精的免洗手消毒液。您可以通过产品标签确定该免洗手消毒液酒精含量是否达到60%。 

出于对原料正确使用的担忧external iconexternal icon 以及需要在无菌环境下操作的要求，CDC不建议制作和使用自制手部消毒液产品。本地行业正在寻求生产免洗手消毒液，以填补市场商品短缺，参见 世界卫生组织指南pdf iconexternal iconpdf iconexternal icon。一旦可以买到这些产品补给后，各组织应转而使用商业生产的、FDA批准的产品。  

为有效杀灭一些类型的致病微生物，免洗手消毒液需要至少60%的酒精含量并在手部没有明显脏污或油污的情况下使用。  
不要依赖主要基于精油或没有正确混合操作的“自己制作”或“自制”配方。
请勿使用免洗手消毒液为频繁接触表面和物体消毒。参见CDC关于家庭清洁和消毒的信息。 

查看手部卫生常见问题，获取医疗卫生人员对COVID-2019的回复。


",chinese,Frequently Asked Questions,隔离是指将曾经接触到传染性疾病、但尚未发生疾病（症状）的个人或群体与未接触到该疾病的其他人分开，以防止该疾病传播的可能。隔离通常根据传染病的潜伏期而确立，而潜伏期是指相关人员从接触病毒到发病的时间范围。COVID-19的隔离期为自最后一次接触之日起的14天，因为此病毒的潜伏期为2至14天。COVID-19的解除隔离人群通常不具有将病毒传播给他人的风险，因为他们在隔离期间没有发病。
46,如果我所在社区爆发了疫情，我应该怎么做？,"在疫情爆发期间，您应保持冷静并实施您的应对计划。采取下列措施：
保护您和他人。

如果您已生病，请待在家中。远离生病的人。尽可能限制与他人之间的近距离接触（约6英尺）。

实施您的家庭计划。

随时关注当地COVID-19最新疫情。关注您所在地区的学校临时停课通知，因为这可能影响您家庭的日常生活。


继续执行每日预防措施。咳嗽和打喷嚏时用纸巾遮住，并经常用肥皂和水洗手20秒以上。如果没有肥皂和水，使用含60%酒精的免洗手消毒液。使用日常家用清洁剂和水每天清洁频繁接触的表面和物体。
如果您的固定工作时间表发生了变动，请尽快通知您的工作场所。如果您或您的某位家人出现了COVID-19症状，或者您孩子的学校暂时停课，可要求在家里工作或请假。了解企业和雇主可以如何针对COVID-19制定计划并进行应对。  
通过电话或电子邮件与他人保持联系。如果您存在慢性健康问题并独自居住，可请家人、朋友和医务人员在疫情爆发期间定期查看您的情况。与家人和朋友保持联系，特别是重病风险较高人群，例如老年人和存在严重的慢性健康问题的人群。 

",chinese,Frequently Asked Questions,洗手是保护您与您的家人远离疾病的最佳途径之一。经常用肥皂和水洗手20秒以上，尤其是擤鼻涕、咳嗽或打喷嚏后、如厕后，以及用餐或做饭前。如果没有现成的肥皂和水，可使用酒精含量至少为60%的免洗手消毒液。
47,如果我所在社区爆发了疫情，学校是否将停课？,取决于具体的情况，公共卫生官员可能建议社区采取行动以减少与COVID-19的接触，例如学校停课。阅读或观看报告学校停课情况的当地媒体资源，并关注您孩子所在学校的通信。如果学校临时停课，请阻止学生和教职员工前往任何地方聚会或社交，例如朋友的家、最喜欢的餐厅或当地的购物中心。,chinese,Frequently Asked Questions,鉴于有关COVID-19传播方式的新数据，以及在全国各地社区中广泛传播的COVID-19疾病的相关证据，CDC建议人们在社区环境中佩戴布制面罩遮掩口鼻。这是人们为了减少COVID-19的传播应当采取的另一项公共卫生措施，补充（而非替代）保持社交距离、经常清洁手部和其他日常预防措施。布制面罩并非用于保护佩戴者，而是可以防止佩戴者将病毒传播给他人。这对于无症状感染者而言尤为重要。如果某人必须进入公共场所（例如杂货店），则应佩戴布制面罩。依照CDC现行指南中的建议，医用口罩和N-95口罩应留给医护人员和其他应急响应者使用。 
48,如果我所在社区爆发了疫情，我是否应继续上班？,遵守您当地的卫生官员的建议。尽可能待在家中。与您的雇主讨论可否在在家办公。如果您或您的某位家人出现了COVID-19症状，或者您孩子的学校暂时停课，可向雇主请假。雇主应认识到，在社区疫情爆发期间，可能更多员工需要待在家中照看生病的孩子或其他生病的家庭成员。 ,chinese,Frequently Asked Questions,"
当前，没有证据表明服用布洛芬或萘普生会导致更严重的COVID-19感染情况。
患有高血压的人群应遵医嘱服用降压药，并应配合医生使血压尽量得到控制。任何有关药物的变更只应通过您的医疗提供方完成。
"
49,我社区内的企业和学校会关闭或保持关闭吗？持续多长时间？我的社区内是否会有“居家”或“住处避难”命令？,"CDC提出建议、分享信息并提供指南，以帮助减缓COVID-19在美国传播，其中包括针对学校和企业的指南。CDC定期向州、地方、领地和部落卫生部门分享信息并提供协助。这些地方部门负责进行包括“居家”或“住处避难”的决策。这些命令中的内容及其执行方式均由当地有关部门决定。这些决策还可能取决于很多因素，例如特定社区的病毒如何传播。
请联系您的当地卫生部门获取更多信息。 ",chinese,Frequently Asked Questions,为您的工作场所可能发生的变动做好准备。与您的雇主讨论其应急预案，包括病假政策和远程办公选项。了解企业和雇主可以如何针对COVID-19制定计划并进行应对。 
50,COVID-19 会引发哪些症状和并发症？,据目前报道，COVID-19 患者的症状包括轻度至重度呼吸道疾病，伴有发烧1、咳嗽和呼吸困难。了解更多 COVID-19 症状。 ,chinese,Frequently Asked Questions,美国公民在美国境外死亡时，死者的近亲或法定代理人应通知美国国务院的美国领事官员。领事人员每周 7 天，每天 24 小时为美国公民提供海外紧急援助。如果死者的家庭成员、伴侣或法定代理人与死者不在同一国家，则应于东部时间周一至周五的上午 8 至下午 5 致电华盛顿特区的美国国务院海外公民服务办公室，电话为 888-407-4747（免费电话）或 202-501-4444 。如需在工作时间以外或周末和节假日寻求紧急援助，请拨打 202-647-4000 致电美国国务院总机，并要求与海外公民服务值班人员通话。此外，美国公民死亡地国家内或离该国最近的美国大使馆external iconexternal iconexternal icon可以提供帮助。 
51,我应该接受 COVID-19 检测吗？,不是每个人都需要进行COVID-19检测。获取更多关于检测的信息，参见COVID-19检测。 ,chinese,Frequently Asked Questions,请参阅 CDC 有关将狗带入美国的要求。目前的狂犬病疫苗接种要求适用于从中国（狂犬病高风险国家）带入的狗。  
52,我去哪里接受COVID-19检测？,每个地方的检测流程和地点都不一样。联系您的州、本地、部落或领地相关部门获取更多信息，或联系医疗卫生提供者。州和本地公共卫生部门已经收到了来自CDC的检测工具，而医疗卫生提供者的检测工具来自商业生产商。虽然这些检测的供给在增加，但要找到获得检测的地方可能还是很困难。查看COVID-19检测获取更多信息。 ,chinese,Frequently Asked Questions,"

观察您的孩子是否有任何疾病症状。

如果您发现任何符合COVID-19症状的体征，特别是发烧、咳嗽或气短，请联系您的医疗卫生提供者并让孩子待在家里，尽量远离他人。遵循CDC的如果生病了应该怎么办指南。 


观察您孩子的压力征兆

观察一些常见的变化，包括过度担心或忧伤、不健康的饮食和睡眠习惯，以及无法集中精力。如需获取更多信息，请查看CDC网站“致父母”部分，管理焦虑和压力。 
花时间与您的孩子讨论COVID-19疫情爆发。以您的孩子能够理解的方式解答问题并分享有关COVID-19的事实。 
访问CDC帮助儿童处理突发事件或与儿童谈论COVID-19获取更多信息。  


教导并加强日常预防措施。  
父母和看护人在教导孩子洗手方面起着重要作用。让孩子明白洗手可以保持他们的健康，并阻止将病毒传播给其他人。
以身作则，如果您经常洗手，孩子们也很可能这样做。
让洗手成为一项家庭习惯。 


帮助您的孩子保持活跃。

鼓励您的孩子到户外活动，这对身心健康都有益处。和孩子一起散步或骑自行车。
每天采取室内休息活动（拉伸休息、舞蹈休息），帮助您的孩子保持健康和专注。


帮助您的孩子保持社交联系。

通过电话或视频聊天与朋友和家人联系。
给可能无法探望的家人写卡片或信件。
一些学校和非营利组织，例如学术、社会和情绪学习协作组织external iconexternal icon和耶鲁情绪智力中心external iconexternal icon，具备社会和情绪学习资源。查看您的学校是否提供提示和指南，支持您地孩子的社会和情绪学习需求。  



"
53,一个人有可能在检测为 COVID-19 阴性之后又被检测出呈阳性吗？,"使用 CDC 开发的诊断检测，结果为阴性是指在受测者样本中未发现导致 COVID-19 的病毒。在感染的早期阶段，有可能检测不到病毒。
对于 COVID-19，一个人在出现症状时所采集的样本的检测结果为阴性可能意味着当前疾病并非由 COVID-19 病毒引起。",chinese,Frequently Asked Questions,"CDC提出建议、分享信息并提供指南，以帮助减缓COVID-19在美国传播，其中包括针对学校和企业的指南。CDC定期向州、地方、领地和部落卫生部门分享信息并提供协助。这些地方部门负责进行包括“居家”或“住处避难”的决策。这些命令中的内容及其执行方式均由当地有关部门决定。这些决策还可能取决于很多因素，例如特定社区的病毒如何传播。
请联系您的当地卫生部门获取更多信息。 "
54,哪些人的 COVID-19 重症风险较高？,"COVID-19是一种新出现的疾病，目前有关导致严重疾病的风险因素信息很少。基于目前可获得的信息以及临床专业知识，老年人以及患有严重基础疾病的各年龄段人群因为COVID-19而患上重病的风险可能较高。  
据我们目前所知，COVID-19 重病的高危人群有：

65岁及以上的人士
住在养老院或长期护理设施的人群

各年龄段有基础疾病的人，尤其是未得到良好控制的人，包括：

慢性肺病或中度至重度哮喘的患者
严重心脏病患者
免疫功能低下的人 
有多种情况会导致患者免疫功能低下，包括癌症治疗、抽烟、骨髓或器官移植、免疫缺陷、HIV或AIDS病情控制不当，以及长时间服用类固醇或其他有损免疫功能的药物


严重肥胖人士（体重指数[BMI] ≥40）
糖尿病患者
正在接受透析的慢性肾病患者
肝病患者

",chinese,Frequently Asked Questions,美国公民在美国境外死亡时，死者的近亲或法定代理人应通知美国国务院的美国领事官员。领事人员每周 7 天，每天 24 小时为美国公民提供海外紧急援助。如果死者的家庭成员、伴侣或法定代理人与死者不在同一国家，则应于东部时间周一至周五的上午 8 至下午 5 致电华盛顿特区的美国国务院海外公民服务办公室，电话为 888-407-4747（免费电话）或 202-501-4444 。如需在工作时间以外或周末和节假日寻求紧急援助，请拨打 202-647-4000 致电美国国务院总机，并要求与海外公民服务值班人员通话。此外，美国公民死亡地国家内或离该国最近的美国大使馆external iconexternal iconexternal icon可以提供帮助。 
55,COVID-19 重症风险较高的人该怎么办？,"如果您为COVID-19重症高风险人群，您应：

储备物资
采取日常预防措施，与他人保持距离
外出到公共场所时，请远离生病的人
限制近距离接触，并经常洗手
避免人群、邮轮旅行和非必要旅行

如果您所在的社区爆发疫情，请尽量留在家中。观察是否出现症状和重症体征。如果生病，请留在家中并致电您的医生。您可参阅COVID-19重症高风险人群，了解有关如何准备、生病后如何应对以及社区和护理人员如何为高风险人群提供支持的更多信息。 ",chinese,Frequently Asked Questions,"老年人和患有严重基础疾病的人群感染COVID-19的风险最高。

如果您家中的其他人患上 COVID-19 重症的风险特别高，请考虑采取额外预防措施，将您的孩子与这些人隔离。​​​​​​​ 
如果您在学校关闭期间无法在家陪您的孩子，慎重考虑提供照护的最佳人员。如果由COVID-19高风险的人（老年人，例如祖父母或患有慢性疾病的人）提供照顾，限制孩子与其他人的接触时间。
考虑推迟去看望年长家庭成员和祖父母的探视或旅行。通过网络或写信和发送邮件与他们联系。

"
56,属于COVID-19重症高风险人群的基础疾病是如何筛选的？,"此列表基于：

我们通过其他国家和美国爆发的疫情所了解到的情况。
我们已知的其他呼吸道感染（例如流感）的风险情况。

随着CDC逐步获得有关美国COVID-19病例的更多信息，我们将在必要时更新此列表。",chinese,Frequently Asked Questions,"引发COVID-19的病毒被认为主要以人传人的方式，通过感染患者咳嗽或打喷嚏时产生的呼吸道飞沫进行传播。这些飞沫可能附着到附近的人的嘴巴或鼻子上，或者可能被吸入肺部。当人们近距离接触时（约6英尺以内）传播的可能性更高。
COVID-19在很多受影响地区的社区中似乎可以轻易且持续地传播（“社区传播”）。社区传播意味着人们已经在某个地区感染了这种病毒，其中包括不确定自己是在何处或如何受到感染的人。 
了解新发冠状病毒已知信息。 "
57,如果我感染了COVID-19需要避免服用什么药物？,"
当前，没有证据表明服用布洛芬或萘普生会导致更严重的COVID-19感染情况。
患有高血压的人群应遵医嘱服用降压药，并应配合医生使血压尽量得到控制。任何有关药物的变更只应通过您的医疗提供方完成。
",chinese,Frequently Asked Questions,CDC正与其他联邦合作伙伴一起提供全政府疫情应对。这是一个新发、快速发展的疫情，而CDC将继续提供最新信息。CDC24/7会尽一切力量保护人们的健康。更多关于CDC应对COVID-19疫情的信息可从线上获得。 
58,应如何看待此列表中未包含的潜在健康问题？,"基于可获得的信息，65岁及以上的成年人以及存在此列表中包含的基础疾病的各年龄段人士因为COVID-19而患上重病的风险较高，且预后不乐观。CDC正在定期收集和分析数据，并将在了解到更多信息后更新此列表。存在此列表中未包含的基础疾病的人士也同样可能面临着较高的风险，如对此有疑虑可以咨询医务人员。
我们建议所有人（无论是否存在风险）都应：

采取措施保护您自己和他人。 
如果您生病并伴有发烧、咳嗽或气短，致电您的医疗卫生提供者。  
遵循CDC的旅行指南以及您所在州和地方卫生官员的建议。 

",chinese,Frequently Asked Questions,"2020 年 2 月 11 日，世界卫生组织宣布了导致最初于中国武汉发现的 2019 年新型冠状病毒爆发的疾病官方名称。该疾病的新名称是新型冠状病毒肺炎2019，缩写为 COVID-19。在 COVID-19 中，“CO”代表“冠状”、“VI”代表“病毒”，以及“D”代表“疾病”。该疾病此前被称为“2019 年新型冠状病毒”或“2019-nCoV”。 
人类冠状病毒有很多种，其中一些通常导致轻度上呼吸道疾病。COVID-19是一种由此前尚未在人体中发现的新型（或新的）冠状病毒引起的新疾病。此疾病名称根据世界卫生组织（WHO）新型人类传染疾病命名最佳实践external iconexternal icon而定。  "
59,控制良好的健康状况是什么意思？,一般而言，得到良好控制意味着您的状况稳定、无生命威胁，并且实验室评估和其他检验结果与不存在健康问题者很相似。如果您对自己的健康或者目前管理自己健康状况的方式存在疑问，则应与医务人员交谈。,chinese,Frequently Asked Questions,鉴于有关COVID-19传播方式的新数据，以及在全国各地社区中广泛传播的COVID-19疾病的相关证据，CDC建议人们在社区环境中佩戴布制面罩遮掩口鼻。这是人们为了减少COVID-19的传播应当采取的另一项公共卫生措施，补充（而非替代）保持社交距离、经常清洁手部和其他日常预防措施。布制面罩并非用于保护佩戴者，而是可以防止佩戴者将病毒传播给他人。这对于无症状感染者而言尤为重要。如果某人必须进入公共场所（例如杂货店），则应佩戴布制面罩。依照CDC现行指南中的建议，医用口罩和N-95口罩应留给医护人员和其他应急响应者使用。 
60,更严重疾病是什么意思？,严重程度一般指疾病或健康问题对您身体机能的影响程度。如果您对自己的健康或者目前管理自己健康状况的方式存在疑问，则应与医务人员交谈。,chinese,Frequently Asked Questions,CDC目前还没有数据表明这种新型冠状病毒或其类似的冠状病毒会通过蚊子或扁虱传播。COVID-19传播的主要方式为人传人。参看冠状病毒如何传播，获取更多信息。 
61,残疾人是否面临着更高的风险？,"从本质上而言，大多数残疾人感染COVID-19或由此患上重病的风险并不会比一般人更高。某些存在身体缺陷或其他残疾的人由于患有基础疾病而可能面临着更高的感染风险。

某些残疾人可能更容易出现慢性健康问题，从而使其更容易因为COVID-19而患上重症，并且预后不佳。成年残疾人患上心脏病、中风、糖尿病或癌症的概率是没有残疾的成年人的三倍。

如果您对自己的健康或者目前管理自己健康状况的方式存在疑问，则应与医务人员交谈。",chinese,Frequently Asked Questions,请参阅 CDC 有关将狗带入美国的要求。目前的狂犬病疫苗接种要求适用于从中国（狂犬病高风险国家）带入的狗。  
62,医疗护理专业人员和卫生部门应该怎么做？,获取关于被调查人员；感染控制，包括个人防护用品指南；居家护理和隔离；以及病例调查相关的建议和指南，参见医疗护理专业人员信息。有关样本采集和运输的信息，参见实验室信息。有关 COVID-19 公共卫生专业人员的信息，参见公共卫生专业人员信息。   ,chinese,Frequently Asked Questions,访问COVID-19预防和治疗页面，了解如何保护自己不感染呼吸道疾病，如COVID-19。 
63,如果我参加了 COVID-19 死亡患者的葬礼或探视，我会有风险吗？,目前尚不清楚在葬礼或探视中与 COVID-19 死亡患者同处一室是否存在风险。,chinese,Frequently Asked Questions,在您感染COVID-19时，应限制与宠物和其他动物之间的接触，正如应避免接触其他人一样。尽管还没有宠物感染COVID-19的报告，我们仍建议COVID-19患者限制与宠物的接触，直至获得有关此新型冠状病毒的更多信息。如果可能的话，在您患病期间让您家中的其他成员照顾您的动物。如果您患有COVID-19，请避免接触您的宠物，包括爱抚、依偎、被宠物亲吻或舔，以及共享食物。如果您在患病期间必须照顾自己的宠物或与宠物接触，请在与宠物互动之前和之后洗手。
64,如果我触碰了 COVID-19 死亡患者的遗体，我会有风险吗？,"COVID-19 是一种新的疾病， 我们仍在了解它的传播方式。一般认为，导致 COVID-19 的病毒主要是通过与正在患有 COVID-19 的人士密切接触（即约 6 英尺内）传播。这种病毒可能主要通过感染者咳嗽或打喷嚏时产生的呼吸道飞沫传播，类似于流感和其他呼吸道感染的传播方式。这些飞沫可能落在附近人群的口鼻处，或者被吸入肺部。因此，患者死后不会造成飞沫传播。 
人们可能会在接触了带有病毒的表面或物体之后又触摸自己的口鼻或眼部，并因此感染 COVID-19，但这并不是该病毒的主要传播方式。
我们不建议人们接触COVID-19死亡患者的遗体。老年人和患有严重基础疾病的各年龄段人群发生COVID-19重症的风险更高。这种病毒通过某些接触传播的可能性较小，例如在遗体满足探视条件的情况下握手或拥抱。如果可以，应在遗体处理完成之前、期间和之后避免其他活动，例如接吻、净身和裹布。如果净身或裹布是重要的宗教或文化习俗，建议家庭借助所在社区的文化和宗教领袖以及殡仪馆工作人员的帮助，尽量减少接触。从事殡仪活动的人员至少应戴一次性手套。如预计会有液体溅出，则还需佩戴其他个人防护设备（PPE）（例如一次性防护服、面罩或护目镜和N-95呼吸器）。
应根据所有清洁和消毒产品制造商指示（例如浓度、使用方法和接触时间）进行清洁。对于更难以杀灭的病毒，基于相关数据，由EPA批准的新发病毒性病原体产品pdf iconexternal iconpdf iconexternal icon据预测对于COVID-19病毒有效。脱掉PPE后，用肥皂和水洗手至少20秒，或者没有肥皂和水可用时，使用含至少60%酒精的免洗手消毒液保持手部卫生。如果双手明显脏污，应使用肥皂和水。  ",chinese,Frequently Asked Questions,与学校或相关机构讨论其应急预案。了解学校在关闭期间继续开展教育和社会服务的计划（如学生餐计划）。如果您的孩子在上大学，鼓励他们了解学校应对COVID-19疫情爆发的计划。  
65,殡仪馆工作人员在处理COVID-19死者时应该具备哪些知识？,"COVID-19患者病逝后可以举行葬礼和吊唁活动。在承接COVID-19逝者葬礼时，殡仪馆工作人员应遵守其常规传染预防和控制措施。如果需要将尸体装入尸袋，遵循标准预防措施，包括为预计可能出现的液体飞溅准备的额外个人防护用品（PPE）。对于运输装袋后的尸体，使用EPA批准适用于新发病毒性病原体的产品pdf iconexternal iconpdf iconexternal icon对尸袋外部进行消毒，因为根据耐受病毒的数据，这些产品预计会对COVID-19病毒有效。使用所有清洁和消毒产品时，遵循制造商指示（包括浓度、使用方法和接触时间等）。处理尸袋时，戴上一次性丁腈手套。  
可进行尸体防腐处理。尸体防腐期间，遵守标准预防措施，包括如果预计出现飞溅，使用额外PPE（例如一次性罩袍、面罩和N95口罩）。如果任何程序会产生气溶胶或者如果需要根据制造商标签使用化学品，穿戴相应的呼吸道防护用品。如果存在割伤、刺伤或其他破坏皮肤的伤害风险，穿戴重型手套而非一次性丁腈手套。关于如何安全进行产生气溶胶的程序相关更多信息，参见CDC尸检指南。清洁应根据制造商指示进行。根据来自更耐受病毒的数据，EPA批准适用于新发病毒性病原体的产品pdf iconexternal iconpdf iconexternal icon预计对COVID-19病毒有效。遵循制造商指示使用所有清洁和消毒产品（包括浓度、使用方法和接触时间）。  
清洁并脱卸 PPE 后，使用肥皂和清水洗手至少 20 秒，或者如果没有肥皂和水，使用含至少 60%酒精的免洗手消毒液，保持手部卫生。如果手部有明显污渍，则应使用肥皂和水洗手。 
可以对 COVID-19 死亡患者的遗体进行掩埋或火化，但是应检查州及地方政府是否对处理和处置某些传染病死亡患者遗体有其他要求。",chinese,Frequently Asked Questions,在学校停课期间，与学校确认膳食服务是否继续提供。许多学校的设施依然开放，允许家庭前去取餐，或者集中在某一地点提供自取免费餐。
66,如果我的家人在国外因 COVID-19 而死亡，该怎么办？,美国公民在美国境外死亡时，死者的近亲或法定代理人应通知美国国务院的美国领事官员。领事人员每周 7 天，每天 24 小时为美国公民提供海外紧急援助。如果死者的家庭成员、伴侣或法定代理人与死者不在同一国家，则应于东部时间周一至周五的上午 8 至下午 5 致电华盛顿特区的美国国务院海外公民服务办公室，电话为 888-407-4747（免费电话）或 202-501-4444 。如需在工作时间以外或周末和节假日寻求紧急援助，请拨打 202-647-4000 致电美国国务院总机，并要求与海外公民服务值班人员通话。此外，美国公民死亡地国家内或离该国最近的美国大使馆external iconexternal iconexternal icon可以提供帮助。 ,chinese,Frequently Asked Questions,隔离是指将曾经接触到传染性疾病、但尚未发生疾病（症状）的个人或群体与未接触到该疾病的其他人分开，以防止该疾病传播的可能。隔离通常根据传染病的潜伏期而确立，而潜伏期是指相关人员从接触病毒到发病的时间范围。COVID-19的隔离期为自最后一次接触之日起的14天，因为此病毒的潜伏期为2至14天。COVID-19的解除隔离人群通常不具有将病毒传播给他人的风险，因为他们在隔离期间没有发病。
67,如果我的家人在国外因 COVID-19 而死亡，要将遗体运回美国有什么要求？,"海外死者的遗体在运回美国之前，CDC 不要求进行尸检。根据死亡的具体情况，有些国家可能要求进行尸检。死者家庭可以向当地领事馆或大使馆、旅行保险提供商、旅行社，宗教组织和援助组织以及死者的雇主寻求支持。期间您可能需要提供死者身份正式鉴定和领事馆签发的官方文件。
CDC 对运送遗体回国的要求取决于遗体是否经过防腐处理、火化，或死者是否死于检疫传染病。 
目前，COVID-19 在美国属于检疫传染病，死者遗体必须符合《美国联邦法规法典》 第42 篇第 71.55 部分中的运回标准，并且必须满足以下情况才可批准、放行和授权遗体进入美国：

遗体已经过火化；或
遗体已经过适当的防腐处理，且置于密封棺材中；或
遗体附有 CDC 主任签发的许可证。遗体在运送期间必须始终随附 CDC 许可证（如适用）。
可以通过 CDC 全球移民与检疫处获得检疫传染病确诊或疑似患者遗体的运回许可证，请拨打 770-488-7100 联系 CDC 紧急应变中心或发送电子邮件至 dgmqpolicyoffice@cdc.gov。 



请参阅 CDC 指南 了解更多信息。 ",chinese,Frequently Asked Questions,每个地方的检测流程和地点都不一样。联系您的州、本地、部落或领地相关部门获取更多信息，或联系医疗卫生提供者。州和本地公共卫生部门已经收到了来自CDC的检测工具，而医疗卫生提供者的检测工具来自商业生产商。虽然这些检测的供给在增加，但要找到获得检测的地方可能还是很困难。查看COVID-19检测获取更多信息。 
68,CDC 为应对 COVID-19 采取了哪些措施？,CDC正与其他联邦合作伙伴一起提供全政府疫情应对。这是一个新发、快速发展的疫情，而CDC将继续提供最新信息。CDC24/7会尽一切力量保护人们的健康。更多关于CDC应对COVID-19疫情的信息可从线上获得。 ,chinese,Frequently Asked Questions,鉴于有关COVID-19传播方式的新数据，以及在全国各地社区中广泛传播的COVID-19疾病的相关证据，CDC建议人们在社区环境中佩戴布制面罩遮掩口鼻。这是人们为了减少COVID-19的传播应当采取的另一项公共卫生措施，补充（而非替代）保持社交距离、经常清洁手部和其他日常预防措施。布制面罩并非用于保护佩戴者，而是可以防止佩戴者将病毒传播给他人。这对于无症状感染者而言尤为重要。如果某人必须进入公共场所（例如杂货店），则应佩戴布制面罩。依照CDC现行指南中的建议，医用口罩和N-95口罩应留给医护人员和其他应急响应者使用。 
69,宠物或其他动物是否会使我感染COVID-19？,"当前，美国国内还没有证据表明陪伴动物，包括宠物，可以传播COVID-19给人类或者它们可能成为传染源。截至目前，CDC还没有收到美国宠物感染COVID-19的报告。
其他类型的冠状病毒可能使宠物生病，例如犬冠状病毒和猫冠状病毒。这些其他类型的冠状病毒无法传染人，并且与当前的COVID-19疫情爆发无关。
但是，由于动物可以向人传播其他疾病，在与宠物和其他动物相处时保持健康的习惯是明智的做法，例如洗手并保持良好卫生。如需详细了解拥有宠物的众多好处，以及在与宠物、牲畜和野生动物相处时如何保持安全和健康，请访问CDC的“健康的宠物，健康的人”网站。  ",chinese,Frequently Asked Questions,"


CDC推荐用肥皂和水洗手至少20秒，或者在没有肥皂和水可用时，使用含至少60%酒精的免洗手部消毒液。这些均为个人可以采取的日常预防措施，以减缓呼吸系统疾病（如COVID-19）的传播。 

洗手时，您可以使用普通肥皂或抗菌肥皂。普通肥皂跟抗菌肥皂一样可以有效移除细菌。
如果没有肥皂和水可用，您可以使用FDA批准的含至少60%酒精的免洗手消毒液。您可以通过产品标签确定该免洗手消毒液酒精含量是否达到60%。 

出于对原料正确使用的担忧external iconexternal icon 以及需要在无菌环境下操作的要求，CDC不建议制作和使用自制手部消毒液产品。本地行业正在寻求生产免洗手消毒液，以填补市场商品短缺，参见 世界卫生组织指南pdf iconexternal iconpdf iconexternal icon。一旦可以买到这些产品补给后，各组织应转而使用商业生产的、FDA批准的产品。  

为有效杀灭一些类型的致病微生物，免洗手消毒液需要至少60%的酒精含量并在手部没有明显脏污或油污的情况下使用。  
不要依赖主要基于精油或没有正确混合操作的“自己制作”或“自制”配方。
请勿使用免洗手消毒液为频繁接触表面和物体消毒。参见CDC关于家庭清洁和消毒的信息。 

查看手部卫生常见问题，获取医疗卫生人员对COVID-2019的回复。


"
70,我需要给我的宠物检测COVID-19吗？,没有。目前不建议为动物进行COVID-19检测。,chinese,Frequently Asked Questions,为您的工作场所可能发生的变动做好准备。与您的雇主讨论其应急预案，包括病假政策和远程办公选项。了解企业和雇主可以如何针对COVID-19制定计划并进行应对。 
71,动物皮肤或皮毛会携带COVID-19病毒吗？,"目前，没有证据表明COVID-19病毒会从宠物的皮肤或皮毛传播给人类。
关于照顾宠物的最佳方法，请咨询兽医。",chinese,Frequently Asked Questions,"引发COVID-19的病毒正在人际间传播。人们出现症状时（病情最严重）被认为传染性最高。因此CDC建议这类患者在医院或家中隔离（取决于病情），直至病情好转，不再有传染他人的风险。最近在无症状者中也检测到了病毒。 
患者的病毒活跃时间可能有所不同。因此，解除隔离的时间亦因人而异，需要采取基于检测或不基于检测的策略（即疾病开始后经过的时间以及恢复后经过的时间），与各州和本地公共卫生官员磋商决定，其中应考虑病情严重程度、疾病体征和症状，以及患者的实验室测试结果。
详细了解CDC关于何时可以解除隔离以及准许因COVID-19住院治疗的患者出院的指南。如需了解COVID-19患者何时能够停止居家隔离，请参阅关于COVID-19患者中止居家隔离的临时指南。  
解除隔离的人通常不会对他人构成感染风险。"
72,如果我感染了 COVID-19，我应该避免接触宠物或其他动物吗？,在您感染COVID-19时，应限制与宠物和其他动物之间的接触，正如应避免接触其他人一样。尽管还没有宠物感染COVID-19的报告，我们仍建议COVID-19患者限制与宠物的接触，直至获得有关此新型冠状病毒的更多信息。如果可能的话，在您患病期间让您家中的其他成员照顾您的动物。如果您患有COVID-19，请避免接触您的宠物，包括爱抚、依偎、被宠物亲吻或舔，以及共享食物。如果您在患病期间必须照顾自己的宠物或与宠物接触，请在与宠物互动之前和之后洗手。,chinese,Frequently Asked Questions,有关COVID-19及其传播方式，我们目前仍知之甚少。一般认为，此冠状病毒最主要通过呼吸飞沫传播。尽管此病毒在某些表面上能够存活一段较短的时间，但其不太可能通过在环境温度下已装运数天或数周的产品或包装进行传播。目前没有证据能够证明与进口商品相关的COVID-19传播，而美国也没有任何COVID-19病例与进口商品有关。已获得的相关信息将发布在新型冠状病毒肺炎|新冠病毒2019（COVID-19）网站上。 
73,收养动物收容所的宠物安全吗？,没有理由认为任何动物，包括收容所宠物，可能是美国的一个COVID-19来源。,chinese,Frequently Asked Questions,在学校停课期间，与学校确认膳食服务是否继续提供。许多学校的设施依然开放，允许家庭前去取餐，或者集中在某一地点提供自取免费餐。
74,从国外进口的动物或动物产品有问题吗？,CDC 没有任何证据表明，进口的动物或动物产品有在美国传播 COVID-19 的风险。疫情局势发展迅速，我们将不断更新最新信息。美国疾病控制与预防中心（CDC）、美国农业部（USDA）和美国鱼类及野生动物管理局（FWS）在监管向美国进口活体动物和动物产品方面发挥着独特但互补的作用。CDC 监管对人类健康构成威胁的动物和动物产品，USDA 监管external iconexternal icon 对农业构成威胁的动物和动物产品；FWS 监管external iconexternal icon可能会对人类健康福利、农业、园艺或林业利益以及野生动物资源生存与福利造成危害的濒危物种和野生动物的进口。   ,chinese,Frequently Asked Questions,社区传播意味着人们已经在某个地区感染了这种病毒，其中包括不确定自己是在何处如何受到感染的人。
75,在 COVID-19 爆发期间，我可以带狗去美国旅行或将狗带入美国吗？,请参阅 CDC 有关将狗带入美国的要求。目前的狂犬病疫苗接种要求适用于从中国（狂犬病高风险国家）带入的狗。  ,chinese,Frequently Asked Questions,尚不清楚天气和温度是否会影响COVID-19的传播。其他一些其他病毒（如普通感冒和流感）在冬季寒冷天气中传播性更强，但这并不意味着在其他季节就没有感染病毒的风险。有关COVID-19的传播性、严重性和其他特性的知识还需进一步了解，目前仍在调查研究。
76,对于最近从美国境外进口的动物（例如动物收容所进口的动物、被拯救的动物或个人宠物）应采取哪些预防措施？,"进口动物将需要满足 CDC 和 USDAexternal iconexternal icon进入美国的要求。当前，还没有证据表明陪伴型动物（包括宠物和服务型动物）会传播COVID-19。正如将任何动物引入新环境一样，应每天观察最近进口的动物是否出现疾病体征。如果动物生病了，应接受兽医检查。将动物带去诊所前，给您的本地兽医诊所打电话，让他们知道该动物最近从另一个国家进口而来。   
疫情发展迅速，我们会及时更新获得的信息。",chinese,Frequently Asked Questions,在注意到污名化正在发生的情况下，人们可以通过提供社会支持来对抗污名化。污名会影响被污名化群体及其所在社区的情绪或心理健康。停止污名化对于社区和社区成员的抗压能力很重要。查看有关COVID-19疫情期间的心理健康和应对措施的资源。每个人都可以通过了解事实并与社区中的人分享来帮助阻止有关COVID-19的污名化。   
472,什么是冠状病毒？,冠状病毒是可以导致动物或人类疾病的一个大型病毒家族。一些冠状病毒已知可引起人类感冒以及中东呼吸综合征（MERS）和严重急性呼吸综合征（SARS）等较严重疾病。最近发现的新型冠状病毒是造成2019冠状病毒病的病原体。有关冠状病毒的全面信息,chinese,Q&A on coronaviruses (COVID-19),人们可以从其他感染者那里感染该病毒。2019冠状病毒病可以通过患者咳嗽或呼气时鼻或口产生的飞沫在人与人之间传播。这些飞沫掉落在患者周围的物体和表面上。其他人触摸这些物体或表面后触摸本人眼、鼻或口，就有可能患上2019冠状病毒病。如果吸入感染者咳嗽或呼气时产生的飞沫，也可能会感染病毒。因此，与患者保持1米（3英尺）以上的距离很重要。世卫组织正在评估目前关于2019冠状病毒病传播方式的研究，并将继续分享最新研究结果。该病毒能通过空气传播吗？迄今的研究结果显示，该病毒主要通过呼吸道飞沫传播，而不是通过空气传播。参见上面对“2019冠状病毒病如何传播？”问题的答复。无症状感染者是否也可以传播2019冠状病毒病？这一疾病主要通过咳嗽者的呼吸道飞沫传播。从没有任何症状的人那里感染2019冠状病毒病的风险很低。但2019冠状病毒病的许多患者仅有轻微症状，在发病早期尤其如此。因此，从轻微咳嗽且并未感到不适的人那里感染2019冠状病毒病是可能的。世卫组织正在评估目前关于2019冠状病毒病传染期的研究，并将继续分享最新研究结果。2019冠状病毒病会粪口传播吗？从感染者粪便中感染2019冠状病毒病的风险似乎很低。尽管初步调查表明在某些情况下该病毒可能存于粪便中，但粪口传播并非本次疫情的主要传播途径。世卫组织正在评估目前关于2019冠状病毒病传播方式的研究，并将继续分享新的研究结果。考虑到有此风险，更应在便后和饭前勤洗手。
473,什么是2019冠状病毒病？,2019冠状病毒病是由最近发现的新型冠状病毒引起的传染病。在2019年12月中国武汉暴发疫情之前，未发现这一新型病毒和疾病。,chinese,Q&A on coronaviruses (COVID-19),除常规的疟疾控制办法外，在COVID-19大流行背景下可能还需要采取特别措施，例如暂时恢复假定性疟疾治疗或实施大型服药活动，事实证明这些措施在以前的一些紧急情况下是有益的。假定性疟疾治疗是指在没有诊断确诊（例如通过快速诊断检测）的情况下对疑似疟疾病例进行治疗。这种办法通常只用于极端情况，例如无法再提供快速诊断情况下的病例。大型服药活动是世卫组织推荐的办法，用于在流行期间和复杂的紧急情况下迅速降低疟疾死亡率和发病率。通过大型服药活动，目标人群中的所有个体，无论是否显示出这种疾病症状，都会得到抗疟疾药物——通常要重复服用。只有在认真考虑以下两个重要目标之后才可采取此类特别措施：降低与疟疾有关的死亡率和保证卫生工作者安全。世卫组织正在探讨何时以及如何启动此类措施的具体建议；指导意见将在适当时发布。
474,2019冠状病毒病有何症状？,2019冠状病毒病最常见症状是发热、乏力和干咳。有些患者可能会有疼痛、鼻塞、流涕、咽痛或腹泻等症状。这些症状往往轻微，且逐渐出现。有些感染者并无任何症状，也无不适感。大多数感染者（约80%）无需特别治疗即可康复。大约六分之一感染者病情严重，呼吸困难。老人以及那些有基础性疾病（如高血压、心脏病或糖尿病）的人可能会患严重疾病。发热、咳嗽和呼吸困难者应就医。,chinese,Q&A on coronaviruses (COVID-19),是的。感染者导致商品污染的可能性很低。人们从经过不同环境和气温条件送达的包裹中感染新型冠状病毒的风险也很低。
475,2019冠状病毒病如何传播？,人们可以从其他感染者那里感染该病毒。2019冠状病毒病可以通过患者咳嗽或呼气时鼻或口产生的飞沫在人与人之间传播。这些飞沫掉落在患者周围的物体和表面上。其他人触摸这些物体或表面后触摸本人眼、鼻或口，就有可能患上2019冠状病毒病。如果吸入感染者咳嗽或呼气时产生的飞沫，也可能会感染病毒。因此，与患者保持1米（3英尺）以上的距离很重要。世卫组织正在评估目前关于2019冠状病毒病传播方式的研究，并将继续分享最新研究结果。该病毒能通过空气传播吗？迄今的研究结果显示，该病毒主要通过呼吸道飞沫传播，而不是通过空气传播。参见上面对“2019冠状病毒病如何传播？”问题的答复。无症状感染者是否也可以传播2019冠状病毒病？这一疾病主要通过咳嗽者的呼吸道飞沫传播。从没有任何症状的人那里感染2019冠状病毒病的风险很低。但2019冠状病毒病的许多患者仅有轻微症状，在发病早期尤其如此。因此，从轻微咳嗽且并未感到不适的人那里感染2019冠状病毒病是可能的。世卫组织正在评估目前关于2019冠状病毒病传染期的研究，并将继续分享最新研究结果。2019冠状病毒病会粪口传播吗？从感染者粪便中感染2019冠状病毒病的风险似乎很低。尽管初步调查表明在某些情况下该病毒可能存于粪便中，但粪口传播并非本次疫情的主要传播途径。世卫组织正在评估目前关于2019冠状病毒病传播方式的研究，并将继续分享新的研究结果。考虑到有此风险，更应在便后和饭前勤洗手。,chinese,Q&A on coronaviruses (COVID-19),几项研究表明，感染导致COVID-19的病毒以及相关的冠状病毒（SARS-CoV和MERS-CoV）的患者具有良好的临床结果，几乎所有病例都完全康复了。在某些情况下向患者提供了抗逆转录病毒药物：用利托那韦增强的洛匹那韦（LPV/r）。这些研究大多是在艾滋病毒阴性个体中进行的。值得注意的是，这些使用LPV/r的研究有很大的局限性。研究规模较小，治疗的时机、持续的时间和使用的剂量各不相同，大多数患者接受的联合干预/联合治疗可能有助于所报告的结果。对于用抗逆转录病毒药物治疗冠状病毒感染而言，虽然好处的证据不确定，但严重的副作用很少。在艾滋病毒感染者中，常规使用LPV/r来治疗艾滋病毒与一些中等严重程度的副作用相关。然而，由于冠状病毒感染患者的治疗持续时间通常只有几周，副作用的发生率预计会低于或少于常规使用中报告的发生率。
476,我能做些什么保护自己并防止疾病传播？,适用于每个人的防护措施请随时关注世卫组织网站上以及国家和地方公共卫生机构提供的关于COVID-19疫情的最新信息。世界许多国家都发现了COVID-19病例，且若干国家出现了疫情。中国和其他一些国家的主管部门已经成功地减缓或阻止了疫情的蔓延。然而，情况是不可预测的，因此请定期查看最新信息。您可通过采取一些简单的防范措施，降低自己感染或传播COVID-19的几率：经常用含酒精成分的免洗洗手液或用肥皂和清水认真洗手。理由：用肥皂和清水或用含酒精成分的免洗洗手液洗手可以杀灭手上的病毒。与咳嗽或打喷嚏的人保持至少1米（3英尺）的距离。理由：人咳嗽或打喷嚏时，鼻或口会喷出可能含有病毒的飞沫。如果您离得太近，而咳嗽或打喷嚏者已感染了病毒，您就可能会吸入飞沫和病毒。避免触摸眼、鼻、口理由：手接触许多物品的表面，可能会沾上病毒。已被病毒污染的手可能会将病毒传至眼、鼻或口，病毒就会趁虚而入进入体内并引发疾病。应确保自己及周围的人保持良好的呼吸卫生习惯。打喷嚏或咳嗽时，需用弯曲的肘部遮挡口鼻，或用纸巾并立即妥善处置用过的纸巾。理由：飞沫会传播病毒。应保持良好的呼吸卫生习惯，保护周围的人免受普通感冒、流感和新型冠状病毒等病毒侵害。如果感觉不适，就应居家静养。如果发热、咳嗽或呼吸困难，应求医并预先打电话。应遵循当地卫生部门的指示。理由：国家和地方主管部门掌握您所在地区的最新情况。预先打电话可以使医务人员快速指导您与适当医疗机构联络。这也有助于保护您，并有助于防止传播病毒和其他感染。随时了解2019冠状病毒病的最新动态。遵循医务人员、国家和地方公共卫生部门或雇主提供的关于您自己和他人如何防范2019冠状病毒病的建议。理由：国家和地方主管部门掌握2019冠状病毒病是否在您所在地区传播的最新信息。它们最有资格建议您所在地区的居民如何进行自我防护。及时了解COVID-19的最新热点（即当前存在COVID-19广泛传播的城市或地区）。如可能，避免前往这些地方——尤其是老年人或糖尿病、心脏病或肺病患者。理由：在这些地方，感染COVID-19的几率更高。 针对身在或最近（过去14天）去过目前存在COVID-19传播地区的人员的保护措施遵循上述指导（适用于每个人的防护措施）如果开始感到不适，即使是轻微症状，如头痛、低烧（37.3摄氏度或以上）和有点流鼻涕，也要呆在家中，直到康复。如果必须请人上门送补给品或自己必须出去买食品等，请佩戴口罩以避免传染给其他人。理由：避免与他人接触和避免去医疗机构有助于医疗机构更有效运作，并有助于保护您和他人免受新型冠状病毒和其他病毒的侵害。如果发热、咳嗽和呼吸困难，这可能是呼吸道感染或其他严重疾病所致，因此应迅速就医。请预先打电话并告知医务人员您最近的任何旅行史或与旅行者接触史。理由：预先打电话可以使医务人员快速指导您与适当医疗机构联络。这也有助于防止传播2019冠状病毒病和其他病毒。,chinese,Q&A on coronaviruses (COVID-19),请记住，口罩只应由医务人员、护理人员和有发热和咳嗽等呼吸道症状的人使用。在拿口罩前，用含酒精成分的免洗洗手液或用肥皂和清水洗手。拿起口罩，检查有无撕裂或破损。确定哪一边向上（有金属片的一边向上）。看清口罩正反面，口罩深色面朝外。将口罩戴在脸上。捏紧金属鼻夹或口罩硬边，使其贴紧鼻子。下拉口罩底部，使口罩覆盖口和下颌。使用后取下口罩；从耳后移除线绳，取下口罩后，注意不让口罩触碰脸部和衣服，以免接触可能被污染的口罩表面。用后立即将口罩丢进封闭的垃圾桶。触摸或丢弃口罩后，采取手卫生措施。使用含酒精成分的免洗洗手液洗手，如果手明显脏污，则用肥皂和清水洗手。
477,我患COVID-19的可能性有多大？,风险取决于你在哪里，更具体地说，取决于你所在的地方是否正暴发COVID-19疫情。对于大多数地方的大多数人而言，感染COVID-19的风险仍然很低。然而，目前该疾病正在世界各地的一些城市或地区传播。对于在这些地区生活或访问的人而言，感染COVID-19的风险更高。每当识别新的COVID-19病例时，政府和卫生主管部门都会采取有力措施。务必遵守当地对旅行、活动或大型集会的任何限制。配合疾病控制工作将可降低感染或传播COVID-19的风险。我们在中国和其他一些国家已经看到，COVID-19疫情可以得到控制，并且可以遏制其传播。不幸的是，可能会迅速出现新的疫情。因此，必须要了解你所在或打算去的地方的情况。世卫组织每天公布世界各地COVID-19的最新情况。请查看https://www.who.int/ emergencies/diseases/novel-coronavirus-2019/situation-reports/。,chinese,Q&A on coronaviruses (COVID-19),不。由于国际大型集会各不相同，因此在决定是否取消活动时要考虑的因素也可能不同。任何改变计划中的国际集会的决定都应该基于对风险和如何管理风险的仔细评估，以及活动策划的水平。评估应涉及活动的所有利益攸关方，尤其是活动举办地所在国家或社区的卫生主管部门。这些主管部门和利益攸关方最有资格评估活动可能给当地卫生系统和应急服务带来的压力水平，以及这种压力水平在当前情况下是否可以接受。
478,我应该对COVID-19感到担忧吗？,由COVID-19感染引起的病症通常是轻微的，尤其是对于儿童和年轻人。然而，也会导致严重病症：大约五分之一的感染者需要住院护理。因此，人们对COVID-19疫情会如何影响自己及亲人感到担忧很正常。我们可以将担忧转化为保护自己、保护亲人和社区的行动。这些行动中最重要的就是经常彻底洗手和保持良好的呼吸卫生习惯。其次，要随时了解情况并遵循当地卫生主管部门的建议，包括对旅行、活动和集会的任何限制。关于如何保护自己的更多信息，请访问：https://www.who.int/zh/emergencies/diseases/novel-coronavirus-2019/advice-for-public。,chinese,Q&A on coronaviruses (COVID-19),你计划举行的大型集会所在地的国家和地方公共卫生主管部门很可能知道如何进行卫生风险评估。如果那里有世卫组织国家办事处，他们也可以提供一些专家支持。你所在地区的世卫组织区域办事处也可能提供这方面的支持。你可以在以下网址找到世卫组织区域办事处的名称和联系方式：https://www.who.int/zh/about/who-we-are/regional-offices。
479,谁有患重症的危险？,我们仍需要进一步了解2019冠状病毒病对各种人群的影响情况，但老年人和有基础病症（如高血压、心脏病、肺部疾病、癌症和糖尿病）的人似乎发展成重症的风险较高。,chinese,Q&A on coronaviruses (COVID-19),只有在出现COVID-19症状（尤其是咳嗽）或照顾可能感染COVID-19的人时，才需要戴口罩。一次性口罩只能使用一次。如果未生病或未在照顾病人，那么戴口罩便是浪费。目前世界各地都短缺口罩，世卫组织促请人们明智地使用口罩。世卫组织建议合理使用医用口罩，避免不必要浪费宝贵资源，并避免错误使用口罩（见口罩使用建议）。针对COVID-19，保护自己和他人的最有效方法是勤洗手，咳嗽时用肘部或纸巾遮掩口鼻，并与咳嗽或打喷嚏的人保持至少1米（3英尺）的距离。更多信息见针对新型冠状病毒的基本防护措施。
480,抗生素能有效预防和治疗2019冠状病毒病吗？,不能。抗生素对病毒不起作用，只对细菌感染有作用。2019冠状病毒病由病毒导致，因此，使用抗生素并无效果。不应使用抗生素预防或治疗2019冠状病毒病。只有在按医嘱治疗细菌感染的情况下才应使用抗生素。,chinese,Q&A on coronaviruses (COVID-19),我们仍需要进一步了解2019冠状病毒病对各种人群的影响情况，但老年人和有基础病症（如高血压、心脏病、肺部疾病、癌症和糖尿病）的人似乎发展成重症的风险较高。
481,是否有可用来预防或治愈COVID-19的药物或疗法？,尽管有一些西药、传统药物或家庭自创的治疗方法可使病人感到舒适并减轻COVID-19症状，但是尚无证据表明这些药物可以预防或治愈COVID-19。世卫组织也不建议自行使用包括抗生素在内的任何药物来预防或治疗COVID-19。不过，目前已有几种西药和传统药物进入临床试验。世卫组织将持续更新这方面的信息。,chinese,Q&A on coronaviruses (COVID-19),尽量减少久坐时间，无论是上班、学习、看电视、看书、使用社交媒体还是使用屏幕打游戏。每隔20-30分钟休息3-5分钟，减少久坐不起。只需站起来伸展一下身体即可，在房子周围走走、爬爬楼梯或到花园走走则更好。只要四处走动并伸展一下身体，就可以改善健康状况并提高幸福感。有关健康伸展运动的更多思路和插图 - 英文。制订有规律的作息，每日坚持活动，规划自己的身体活动或锻炼时间，参加线上课程或与朋友或同事进行积极的在线互动。安排具体时间坚持活动，有助于保证完成每日的身体活动。把时间安排记在日记里，这有助于提醒你。坚持不放弃，因为这将有助于形成有规律的作息，并在COVID-19疫情期间受到各种限制的情况下帮助适应新的工作、学习和家庭生活方式。与家人和朋友积极互动，与他人建立联系有助于个人和家人在家中及其他地方共度时光并坚持活动。安排时间与孩子一起在家中玩游戏、在公园里散步或骑车，这可能是全家人在居家期间放松、待在一起、保持积极健康的一种方式。  确定自己和家人坚持活动的目标，选择一种特定类型活动、每日的活动时间和/或每天活动多少分钟。让每位家庭成员选择自己的目标，这会提出不小的挑战，但在家人或朋友帮助下、在动力驱动下则是切合实际的。在每周活动图表上记一下进度，如果认为有帮助，请用自己喜爱的东西奖励一下自己。更多的身体活动思路有助于坚持活动一岁以下婴儿花固定时间与家里的婴儿做地板游戏，让婴儿处于俯卧姿势（“俯卧时间”），并在婴儿清醒时全天随时进行这项活动。五岁以下儿童在家中和四周积极玩耍——发明一些需要活动同时可以发展投掷、接抓、踢蹬技能并且培养仪态和平衡能力的游戏。积极玩耍、积极做游戏，让孩子们大口喘气，例如四处奔跑和各种跳跃活动。5-17岁的儿童和青少年积极的游戏并与家人积极玩耍。参加线上的积极游戏或积极课程，并寻找适合青少年的线上体育课程以及规律运动。安排室内场地游戏（例如跳绳和跳房子）——制作新游戏并设计需要坚持活动的挑战。学习一项新技能——例如试着学一下玩杂耍。鼓励做一些增加肌肉力量训练活动，例如举重或即兴使用重物，例如装满水或沙子的瓶子。成人尽量多爬楼梯，将其视为坚持活动的机会。 将家务劳动作为增加身体活动的方式。抽时间找乐，例如随着音乐跳舞。参加线上锻炼课程，或设计自己喜欢的有配乐的固定动作，调动主要的肌肉群并提高心律。做一些增强肌肉力量的活动，例如举重或即兴举整瓶水，或者只是利用自己的身体重量，做几组俯卧撑、仰卧起坐和下蹲。 何处获得更多帮助和信息如需得到更多思路，请用互联网搜索平台并查看社交媒体以获得建议，并获取适合所有年龄儿童及成年人的免费资源，以便进行各种健身和能力增强活动。
482,有预防2019冠状病毒病的疫苗或对症药物或疗法吗？,没有。目前还没有疫苗以及可预防或治疗2019冠状病毒病的任何特效抗病毒药物。但感染者应接受治疗，以缓解症状。重症患者应住院治疗。多数患者在接受支持性治疗后康复。正在研究疫苗和一些特异药物疗法，并通过临床试验予以测试。世卫组织正协调疫苗和药物开发工作，以预防和治疗2019冠状病毒病。针对2019冠状病毒病，保护自己和他人的最有效方法是勤洗手，咳嗽时用肘部或纸巾遮掩口鼻，并与咳嗽或打喷嚏的人保持至少1米（3英尺）的距离（见“我能做些什么保护自己和防止疾病传播？”）。,chinese,Q&A on coronaviruses (COVID-19),潜伏期指从感染病毒到开始出现疾病症状之间的时间。多数估计2019冠状病毒病潜伏期为1-14天，通常为5天左右。在获得进一步数据后，将对这些估计数进行调整。
483,COVID-19与SARS一样吗？,不一样。导致COVID-19的病毒与严重急性呼吸综合征（SARS）病毒在基因上有关联，但并非同一种病毒。与COVID-19相比，SARS病死率较高，但传染性则低得多。自2003年以来，在世界上任何地方均未发生SARS疫情。,chinese,Q&A on coronaviruses (COVID-19),这两种病毒的一个重大差异是传播速度。与COVID-19病毒相比，流感的中位潜伏期（从感染到出现症状的时间）较短，病例间隔时间也较短。COVID-19病例间隔时间估计为5-6天，而流感病例间隔时间为3天。这也就是说，流感传播速度可能高于COVID-19。此外，疾病最初3-5天的传播，或在出现症状前可能发生的传播，是流感传播的一个主要驱动因素。相比之下，虽然我们了解到有些人可在症状出现之前24-48小时排放COVID-19病毒，但目前看来这似乎并不是COVID-19传播的主要驱动因素。据了解，COVID-19病毒的基本繁殖数（即一位受感染个人导致的继发感染数）在2到2.5之间，高于流感病毒。但对COVID-19病毒和流感病毒的估算在很大程度上取决于具体环境和时间，因此较难直接比较。儿童是流感病毒社区传播的重要传播源。但初步数据表明儿童受COVID-19病毒感染的程度低于成人，0-19岁年龄组的临床发病率较低。来自中国家庭传播研究项目的进一步初步数据表明，儿童由成人感染，而不是成人由儿童感染。这两种病毒引发的疾病症状相似，但看来重症比例不同。关于COVID-19，迄今为止的数据表明80%的感染是轻症或无症状，15%是严重感染，需要输氧，5%是危重感染，需要插管通气。COVID-19严重和危重感染百分比高于观测到的流感病毒感染情况。儿童、孕妇、老年人、有慢性基础疾病的人和免疫受抑制人群是流感严重感染的高风险人群。而对于COVID-19，我们认为，老龄和基础性疾病会加剧严重感染的风险。COVID-19的死亡率看来高于流感，尤其是高于季节性流感。需要一些时日才能确定COVID-19的实际死亡率。据我们目前掌握的数据，粗死亡率（报告的死亡人数除以报告的病例数）在3%-4%之间，感染死亡率（报告的死亡人数除以感染人数）会低于此数。季节性流感死亡率通常远低于0.1%。死亡率在很大程度上取决于人们获得医疗服务的机会和质量。
484,我应该戴口罩保护自己吗？,只有在出现COVID-19症状（尤其是咳嗽）或照顾可能感染COVID-19的人时，才需要戴口罩。一次性口罩只能使用一次。如果未生病或未在照顾病人，那么戴口罩便是浪费。目前世界各地都短缺口罩，世卫组织促请人们明智地使用口罩。世卫组织建议合理使用医用口罩，避免不必要浪费宝贵资源，并避免错误使用口罩（见口罩使用建议）。针对COVID-19，保护自己和他人的最有效方法是勤洗手，咳嗽时用肘部或纸巾遮掩口鼻，并与咳嗽或打喷嚏的人保持至少1米（3英尺）的距离。更多信息见针对新型冠状病毒的基本防护措施。,chinese,Q&A on coronaviruses (COVID-19),有两项研究称使用LPV/r作为接触后预防SARS-CoV和MERS-CoV的方法。其中一项研究表明，与未服用任何药物的卫生工作者相比，服用LPV/r的卫生工作者中MERS-CoV感染的发生率较低；另一项研究指出，在与SARS患者住在同一病房的19名艾滋病毒感染者中，没有发现SARS-CoV感染病例，其中11人正在接受抗逆转录病毒治疗。同样，由于样本量小、所提供药物的可变性以及暴露强度的不确定性，证据的确定性非常低。
485,如何佩戴、使用、取下和处置口罩,请记住，口罩只应由医务人员、护理人员和有发热和咳嗽等呼吸道症状的人使用。在拿口罩前，用含酒精成分的免洗洗手液或用肥皂和清水洗手。拿起口罩，检查有无撕裂或破损。确定哪一边向上（有金属片的一边向上）。看清口罩正反面，口罩深色面朝外。将口罩戴在脸上。捏紧金属鼻夹或口罩硬边，使其贴紧鼻子。下拉口罩底部，使口罩覆盖口和下颌。使用后取下口罩；从耳后移除线绳，取下口罩后，注意不让口罩触碰脸部和衣服，以免接触可能被污染的口罩表面。用后立即将口罩丢进封闭的垃圾桶。触摸或丢弃口罩后，采取手卫生措施。使用含酒精成分的免洗洗手液洗手，如果手明显脏污，则用肥皂和清水洗手。,chinese,Q&A on coronaviruses (COVID-19),世卫组织就各个年龄段应采取的有益于其健康与幸福感的身体活动量提出了详细建议（5岁以下儿童；青少年、成年人和老年人）。以下是我们推荐的最低活动量：一岁以下婴儿需要每天进行几次身体活动。五岁以下儿童每天应至少花180分钟时间做身体活动，3-4岁儿童每天应做1个小时的中等或剧烈活动。5-17岁的儿童和青少年所有儿童和青少年应每周至少3天每天至少花60分钟时间做中度到剧烈的身体活动，包括增强肌肉和骨骼力量的身体活动。18岁以上成年人一星期应当至少共花150分钟时间做中度身体活动，或者一星期至少花75分钟时间做剧烈的身体活动，包括每星期两天或更多天做增强肌肉力量活动。行动不便的老年人应当每星期三天或更多天做身体活动，以增强平衡并防止摔倒。但是，做任何身体活动都比不做强。从少量活动开始，随着时间逐渐增加持续时间、频率和强度。在COVID-19大流行期间坚持活动对我们所有人而言都具有挑战性。由于活动身体的机会似乎更加受限，因此每天规划坚持活动的方式并减少久坐时间甚至更加重要。简而言之，在这关键时期要确保我们所有人多动少坐。
486,2019冠状病毒病潜伏期有多长？,潜伏期指从感染病毒到开始出现疾病症状之间的时间。多数估计2019冠状病毒病潜伏期为1-14天，通常为5天左右。在获得进一步数据后，将对这些估计数进行调整。,chinese,Q&A on coronaviruses (COVID-19),不需要。轻症患者，例如低烧、咳嗽、不适、流涕、咽痛的患者，如果没有任何警示体征，如气短或呼吸困难、呼吸道症状恶化（有痰或咯血）、胃肠道症状（恶心、呕吐和/或腹泻等），且精神状态并无变化，在不担心发生临床症状快速恶化的情况下，可能不需要住院治疗。应告知所有居家休息的患者，如果病情恶化，即须到医院治疗。关于入院标准的更多信息 - 英文关于2019-nCoV轻症患者居家护理的信息
487,人会从动物那里感染2019冠状病毒病吗？,冠状病毒是一个大型病毒家族，常见于蝙蝠以及其他动物中。在偶尔情况下，人感染这些病毒后可能会将其传至他人。例如，SARS-CoV是从果子狸传播至人，MERS-CoV是从单峰骆驼传播至人。尚未查明2019冠状病毒病的动物源。为保护自己，例如在活体动物市场时，应避免直接接触动物以及动物触碰过的地方。应始终保持良好的卫生安全习惯。谨慎处理生鲜的肉、奶或动物器官，以免生食遭到污染。不要食用生鲜或未煮熟的动物产品。,chinese,Q&A on coronaviruses (COVID-19),世卫组织目前关于疑似COVID-19感染时严重急性呼吸道感染临床管理的临时指导文件建议不要使用糖皮质激素，除非另有原因[8]。该指导文件基于几个系统性综述，这些综述列举了用糖皮质激素常规治疗病毒性肺炎或急性呼吸窘迫综合征缺乏有效性和可能有害的情况[9]。
488,我的宠物会传播COVID-19吗？,我们知道有COVID-19患者的动物和宠物受到感染；作为负责改善全球动物健康的政府间机构，世界动物卫生组织（国际兽疫局）正在为兽医机构和技术专家制定与动物健康相关的专题技术指导（包括检测和检疫指导）；一些动物有可能通过与被感染的人密切接触而受到感染。需要进一步证据来了解动物和宠物是否会传播该疾病；根据目前的证据，人际传播仍是主要传播渠道；现在说猫是否可能是传播COVID-19的中间宿主还为时过早。,chinese,Q&A on coronaviruses (COVID-19),没有。在2019-nCoV疑似或确诊患者的医护环境中或居家护理过程中产生的医疗废物应作为传染性医疗废物予以处置。关于处置传染性医疗废物的更多信息 - 英文
489,该病毒在物体表面能存活多久？,目前仍不清楚该病毒在物体表面能存活多久，但该病毒的表现似乎和其他冠状病毒类似。研究结果表明，包括根据新型冠状病毒初步信息，冠状病毒可能会在物体表面存活数小时或数天。在不同条件下，例如在不同种类的物体表面以及不同的环境温度或湿度下，存活期可能会有所不同。如果您认为某一物体表面可能受到污染，可用简单消毒剂杀灭病毒，以保护自己和他人。使用含酒精成分的免洗洗手液或肥皂和清水洗手。不要触摸眼、鼻、口。,chinese,Q&A on coronaviruses (COVID-19),尽管有一些西药、传统药物或家庭自创的治疗方法可使病人感到舒适并减轻COVID-19症状，但是尚无证据表明这些药物可以预防或治愈COVID-19。世卫组织也不建议自行使用包括抗生素在内的任何药物来预防或治疗COVID-19。不过，目前已有几种西药和传统药物进入临床试验。世卫组织将持续更新这方面的信息。
490,接收来自据报有2019冠状病毒病疫情的任何地区的包裹安全吗？,是的。感染者导致商品污染的可能性很低。人们从经过不同环境和气温条件送达的包裹中感染新型冠状病毒的风险也很低。,chinese,Q&A on coronaviruses (COVID-19),请记住，口罩只应由医务人员、护理人员和有发热和咳嗽等呼吸道症状的人使用。在拿口罩前，用含酒精成分的免洗洗手液或用肥皂和清水洗手。拿起口罩，检查有无撕裂或破损。确定哪一边向上（有金属片的一边向上）。看清口罩正反面，口罩深色面朝外。将口罩戴在脸上。捏紧金属鼻夹或口罩硬边，使其贴紧鼻子。下拉口罩底部，使口罩覆盖口和下颌。使用后取下口罩；从耳后移除线绳，取下口罩后，注意不让口罩触碰脸部和衣服，以免接触可能被污染的口罩表面。用后立即将口罩丢进封闭的垃圾桶。触摸或丢弃口罩后，采取手卫生措施。使用含酒精成分的免洗洗手液洗手，如果手明显脏污，则用肥皂和清水洗手。
491,我不该做哪些事情？,以下措施不能有效应对2019冠状病毒病，甚至可能有害：吸烟佩戴多个口罩服用抗生素（参见“是否有可用来预防或治愈COVID-19的药物或疗法？”）无论如何，如果有发热、咳嗽和呼吸困难等症状，请及早就医，以降低发生更严重感染的风险，并应告知医务人员您最近的旅行史。,chinese,Q&A on coronaviruses (COVID-19),国际专家审查了2019-nCoV传播模式的现有证据并得出共识。世卫组织根据国际专家的共识制定了快速指导方针。现有证据表明此病毒通过飞沫传播，并通过接触受污染的设备表面而传播。现有证据显示通常不会通过空气传播。其他病毒性呼吸道疾病显示，在产生气溶胶的操作（例如气管插管和支气管镜检查）中，可能会发生空气传播，因此世卫组织建议对这些操作程序采取空气传播预防措施。关于2019-nCoV疫情医护人员防护的更多信息
492,引起COVID-19的冠状病毒的来源是已知的吗？,目前，引起COVID-19的冠状病毒SARS-CoV-2的来源尚不清楚。所有现有证据表明，SARS-CoV-2有一个天然的动物来源，而不是一个构建的病毒。蝙蝠很可能是SARS-CoV-2病毒的天然贮主。SARS-CoV-2属于一类基因相关病毒，其中也包括SARS-CoV和从蝙蝠种群中分离出来的许多其它冠状病毒。MERS-CoV也属于这一类，但关系不那么密切。,chinese,Q&A on coronaviruses (COVID-19),世卫组织正在本组织的三个层面上（国家、区域和总部）开展工作，以确保旨在预防冠状病毒传播并指导COVID-19疾病管理的任何建议适用于受疟疾影响国家。世卫组织与合作伙伴一起还确定了一系列相互关联的必要行动，以减轻COVID-19在受疟疾冲击最严重的国家的影响。本组织最近召集合作伙伴讨论合作与协调领域，目的是：产生、使用和传播准确的信息；减轻对卫生系统的干扰；确保针对疟疾的常规服务的连续性，在某些情况下还提供额外特别措施。世卫组织愿意与各国和其他利益攸关方合作，减轻冠状病毒对全世界应对疟疾的不利影响，并在可能的情况下为成功应对COVID-19做出贡献。
493,第一例人感染SARS-CoV-2是如何发生的？,2019年12月，在中国武汉市第一次发现了人类COVID-19病例。在现阶段还不可能准确地确定在中国的人最初是如何感染SARS-CoV-2的。然而，导致2003年SARS暴发的病毒SARS-CoV从一个动物贮主（一种人工饲养的野生动物——果子狸）传染给人类，然后在人与人之间传播。以类似的方式，人们认为SARS-CoV-2越过了物种屏障，首先感染了人类，但更有可能是通过一个中间宿主，即另一个更有可能被人类接触的动物物种——这有可能是一种家养动物、一种野生动物或一种驯养的野生动物，目前还没有定论。在查明并控制这种病毒的来源之前，存在这种病毒被重新引入人类群体的风险，以及暴发新疫情的风险，就像我们目前正在经历的疫情一样。,chinese,Q&A on coronaviruses (COVID-19),是的。亲密接触和早期纯母乳喂养有助于婴儿茁壮成长。您应该获得支持，以便能够：安全母乳喂养，喂养时注意保持良好的呼吸卫生习惯； 贴身抚抱新生儿；和宝宝合住一个房间。您应该在触摸宝宝前后洗手，并保持所有表面清洁。
494,COVID-19可以通过空气传播吗？,导致COVID-19的病毒主要通过感染者咳嗽、打喷嚏或说话时产生的飞沫传播。这些飞沫太重，无法悬浮在空气中，很快就会落在地板或各种表面上。如果你与COVID-19患者相距1米以内，你可能会因为吸入病毒而被感染，或者因为在洗手前触摸了一个被污染的表面，然后又触摸自己的眼睛、鼻子或嘴巴而被感染。,chinese,Q&A on coronaviruses (COVID-19),重要的是确保在公共卫生领域应对COVID-19大流行中实施隔离措施的情况下也能继续获得基本的艾滋病毒预防、检测和治疗服务。虽然应维持获得基本服务的机会，但应考虑并实施适合的循证措施，以减少可能的传播。这些措施包括[12] ： 对所有患者采取标准预防措施（包括确保所有患者在咳嗽或打喷嚏时用纸巾或手肘捂住口鼻，在疑似感染COVID-19的患者等待服务时为其提供医用口罩，采取手卫生措施等。）卫生保健和外联工作者以及同伴教育者和客户应采取适当的手卫生措施确保分类、早期识别和源头控制（隔离疑似感染COVID-19的患者）确保医疗机构的所有区域都通风良好在所有类型的服务中，所有患者之间最好保持至少1米的空间间隔应始终严格遵循清洁和消毒程序发放较长期间的药物（用于治疗艾滋病毒、结核病和其它慢性疾病，如阿片类药物依赖），减少患者的就诊频率考虑将服务减少至最关键的服务（提供基本的治疗和预防服务；咨询等服务可能会减少或调整）  一般来说，弱势群体，包括重点人群的成员，以及无家可归者和/或流离失所者，感染的风险可能会增加——原因是影响其免疫系统的其它共病，应用隔离和社交距离措施的能力下降，以及获得卫生服务的机会普遍有限。至关重要的是，面向这些人群的服务，如社区服务、免费服务中心和外联服务，能够继续提供挽救生命的预防（分发避孕套、针头和注射器）、检测和治疗，同时确保工作人员和客户的安全。在适用的情况下，可以根据上述考虑调整服务。
495,多大规模的会议或活动算是“大型集会”？,像奥运会或世界杯这样引人注目的国际体育赛事以及像麦加朝圣这样的国际宗教活动算是大型集会。然而，不那么引人注目的会议和活动也可能符合世卫组织对大型集会的定义。如果一项活动所汇集的人多到有可能造成活动所在社区卫生系统的规划和应对资源紧张，那么这项活动就被视为“大型集会”。你需要考虑活动的举办地点和持续时间以及参与者人数。例如，如果在一个卫生系统能力相当有限的小岛屿国家举行为期几天的活动，那么即使只有几千人参加也会给卫生系统带来很大压力，因此该活动被认为是“大型集会”。相反，如果活动是在一个拥有资源充足的大型卫生系统的国家的大城市举行，并且仅持续几个小时，则该活动可能不构成“大型集会”。,chinese,Q&A on Mass Gatherings and COVID-19,目前正在研究COVID-19感染对孕妇的影响。虽然相关数据有限，但目前没有证据表明她们患重症的风险高于普通人。我们知道，由于孕妇身体和免疫系统的变化，她们可能会受到一些呼吸道感染的严重影响。因此，她们必须采取预防措施防范COVID-19，并向医护人员报告有关症状（发烧、咳嗽或呼吸困难等）。世卫组织将继续进行审查，并将在获得更多证据后更新其信息和建议。
496,世卫组织是否建议因COVID-19而取消所有国际大型集会？,不。由于国际大型集会各不相同，因此在决定是否取消活动时要考虑的因素也可能不同。任何改变计划中的国际集会的决定都应该基于对风险和如何管理风险的仔细评估，以及活动策划的水平。评估应涉及活动的所有利益攸关方，尤其是活动举办地所在国家或社区的卫生主管部门。这些主管部门和利益攸关方最有资格评估活动可能给当地卫生系统和应急服务带来的压力水平，以及这种压力水平在当前情况下是否可以接受。,chinese,Q&A on Mass Gatherings and COVID-19,有规律的身体活动有益于身心健康，可以降低高血压，有助于控制体重并降低患心脏病、中风、II型糖尿病和各种癌症的患病风险，还可以增强骨骼和肌肉力量，并提高平衡、柔韧和健美程度。对于老年人而言，改善平衡的活动有助于防止跌倒和受伤。对于儿童而言，有规律的身体活动有助于健康成长和发育，并减少晚年患病的风险，通过有规律的活动，儿童也可以发展基本的运动技能并建立社交关系。有规律的身体活动还有助于精神健康，并可以降低患上抑郁症和认知能力下降的风险，能够延缓痴呆症的形成——并提高整体幸福感。
497,在评估风险是否可接受时，组织者和卫生主管部门应该考虑哪些因素？,就目前并非已知存在COVID-19社区传播的国家而言，重点考虑的是计划中的大型集会活动是否会大大增加病毒进入该国并持续存在的风险，以及参与者带着该传染病回国并进一步加剧全球传播的风险。在进行这一评估时，组织者及其国家或地方卫生主管部门应认识到COVID-19输入病例的风险自然与国际旅行有关。他们还应该认识到，以零风险为目标既不现实也不可取。在组织者和卫生主管部门决定是否举行大型集会时，他们应该确定可接受的风险是什么，以及应该采取哪些额外措施来降低风险。就COVID-19已经开始在社区传播的国家而言，主要考虑因素是：旨在遏制或至少减缓病毒在当地社区/国家的传播。防止来自其它国家的参与者感染COVID-19。在不同情况下，应根据COVID-19的已知特征、严重性、传播性以及预防或减少传播措施的有效性来考虑风险。还需要考虑应对COVID-19疫情已经给地方卫生系统带来的压力，以及大型集会可能给系统带来的额外压力。你可以在2020年2月14日在本次COVID-19疫情的背景下发布的世卫组织文件《大型集会的主要规划建议》中找到更多的建议：https://www.who.int/publications-detail/key-planning-recommendations-for-mass-gatherings-in-the-context-of-the-current-covid-19-outbreak。,chinese,Q&A on Mass Gatherings and COVID-19,先前的经验表明，疾病暴发对卫生服务提供具有破坏性影响，并对疟疾等疾病产生了后果。例如，2014-2016年几内亚、利比里亚和塞拉利昂暴发埃博拉疫情破坏了疟疾控制工作，并导致这三个国家与疟疾有关的疾病和死亡人数大幅增长。最近几周，COVID-19大流行考验了全世界强大的卫生系统的韧性。世卫组织认识到疟疾给卫生系统脆弱国家的弱势民众带来了沉重负担，强调持续努力预防、发现和治疗疟疾的至关重要性。所有区域都应采取保护措施，以最大限度降低患者、社区和卫生服务提供者之间传播COVID-19的风险。世卫组织在应对COVID-19疫情暴发背景下制定了详细的卫生工作者指南，并为继续安全地提供基本卫生服务制定了业务指南。
498,如果我所在的组织不具备评估COVID-19给我们计划的大型集会带来的风险的专长，该怎么办？,你计划举行的大型集会所在地的国家和地方公共卫生主管部门很可能知道如何进行卫生风险评估。如果那里有世卫组织国家办事处，他们也可以提供一些专家支持。你所在地区的世卫组织区域办事处也可能提供这方面的支持。你可以在以下网址找到世卫组织区域办事处的名称和联系方式：https://www.who.int/zh/about/who-we-are/regional-offices。,chinese,Q&A on Mass Gatherings and COVID-19,以下措施不能有效应对2019冠状病毒病，甚至可能有害：吸烟佩戴多个口罩服用抗生素（参见“是否有可用来预防或治愈COVID-19的药物或疗法？”）无论如何，如果有发热、咳嗽和呼吸困难等症状，请及早就医，以降低发生更严重感染的风险，并应告知医务人员您最近的旅行史。
499,如果我们继续举行国际大型集会，我们能做些什么来降低参与者感染COVID-19的风险？,宣传洗手、呼吸卫生和保持社交距离。确保你知晓所有参与者的紧急联系方式，包括他们在活动期间的住处。你应该向他们明确表示，如果有活动参与者感染了COVID-19，此信息将与当地公共卫生主管部门共享，以便能够快速追踪接触者。活动组织者需要有一个商定的防范计划，以防一个或多个参与者出现COVID-19症状。防范计划应包括迅速隔离病人，并将他们安全转移到当地的医疗机构。你应该考虑是否可以减少活动参与者的人数；提供通过视频或电话会议参与活动的机会；以及可能的话在入场时对参与者进行COVID-19症状（咳嗽、发烧、不适）筛查。你可以在以下网址找到关于参与者个人如何保护他们自己和他们所爱的人免受COVID-19侵害的建议：https://www.who.int/zh/emergencies/diseases/novel-coronavirus-2019/advice-for-public。,chinese,Q&A on Mass Gatherings and COVID-19,不需要。世卫组织目前对2019-nCoV急性呼吸道疾病疑似或确诊患者的医护人员的指导意见是，除了所有医护人员针对所有患者应始终采取的标准防护措施之外，还建议采用预防接触感染和飞沫感染措施。关于个人防护装备，接触和飞沫传播预防措施包括，在进入收治2019-nCoV急性呼吸道疾病疑似或确诊患者病房之前，应佩戴一次性手套保护双手，穿戴清洁、非无菌的长袖袍服保护衣物免受污染，佩戴医用口罩保护口鼻，并戴上眼部防护装置（如护目镜和防护面罩）。N95等呼吸器仅适用于产生气溶胶的操作程序。更多有关医护人员治疗和护理新型冠状病毒疑似或确诊患者的个人防护装备的信息
500,我在哪里可以找到更多关于评估和管理国际大型集会的卫生风险的建议？,世卫组织就如何规划大型集会提供了指导和培训课程。指导和课程都着眼于如何与地方主管部门合作进行风险评估、规划和管理卫生风险：https://www.who.int/emergencies/diseases/novel-coronavirus-2019/technical-guidance/points-of-entry-and-mass-gatherings。你可以在以下网址找到可提供给参与者个人的关于如何保护他们自己以及他们所爱的人免受COVID-19侵害的建议：https://www.who.int/zh/emergencies/diseases/novel-coronavirus-2019/advice-for-public。,chinese,Q&A on Mass Gatherings and COVID-19,抗逆转录病毒药物对艾滋病毒感染者来说是一种有效且高度耐受的治疗方法。目前正在研究是否可以用抗逆转录病毒药物LPV/r来治疗COVID-19。如果将LPV/r用于COVID-19的治疗，应制定一项计划，确保有足够的和持续的供应来满足已经使用LPV/r的所有艾滋病毒感染者和需要开始治疗的艾滋病毒感染者的需求。然而，一小部分人使用包括LPV/r在内的疗法，因为根据世卫组织的艾滋病毒治疗指南，它被用作二线疗法。任何允许使用艾滋病毒药物来治疗COVID-19的国家都必须确保有充足和可持续的供应。
501,如何清洁2019冠状病毒病患者的脏被褥、毛巾和衣服？,处理2019冠状病毒病患者的脏被褥、毛巾和衣服的所有人员应该注意以下事项： 在接触上述任何脏污用品之前，应穿戴适当的个人防护装备，包括坚实的手套、口罩、眼睛保护装置（面罩/护目镜）、长袖罩衣、围裙（如果罩衣不耐液体）、靴子或密闭的鞋子。不要贴身拿这些脏污用品；将这些用品放在有清晰标记的不漏的容器（如袋子或桶）中。如果这些用品上有任何粪便或呕吐物等固体排泄物，在将这些用品放入专用容器之前，需用平坦、坚固的器具小心地将排泄物刮到马桶或专用厕所中。如果患者房间并无厕所，则需将刮下的排泄物放入带盖的桶里，然后拿到厕所里处理掉。洗涤和消毒这些用品：建议使用洗衣机，用温水（60-90℃）和洗涤剂进行洗涤，以清洁和消毒这些用品。如果不能用洗衣机洗，可用大桶将它们浸泡在热肥皂水中，然后用棍子搅拌，但应注意不要拍打和溅水。如果没有热水，则可将它们浸泡在0.05%的含氯漂白剂中约30分钟。最后，需用清水冲洗，然后晾在阳光下晒干。 关于环境清洁最佳做法的更多信息，见以下两份英文文件：(1) 在卫生保健设施中预防和控制易流行和易大流行的急性呼吸道感染：https://www.who.int/csr/bioriskreduction/infection_control/publication/en/(2) 在资源有限环境下卫生保健设施中清洁环境的最佳做法：https://www.cdc.gov/hai/pdfs/resource-limited/environmental-cleaning-508.pdf 。由美国疾病预防控制中心和免疫成本计算行动网络（ICAN）与世卫组织合作开发。,chinese,Q&A on infection prevention and control for health care workers caring for patients with suspected or confirmed 2019-nCoV,目前没有关于2019-nCoV在物体表面稳定性的数据。从实验室对SARS-CoV和MERS-CoV的研究数据来看，环境稳定性取决于相对温度、湿度和表面类型等若干因素。世卫组织继续监测关于新型冠状病毒的现有证据，并将在获得相关证据后予以更新。
502,对于来自中国或其他受到2019冠状病毒病影响的国家的车辆、货物和产品的消毒工作有何建议？,迄今为止，没有任何流行病学信息表明，有人曾因接触来自2019冠状病毒病疫情国家的货物、产品或车辆而患2019冠状病毒病。鉴于并无证据表明来自存在2019冠状病毒病疫情的国家的任何商品和产品对公众健康构成风险，我们没有关于如何对这些产品进行消毒的建议。世卫组织将继续密切监测2019冠状病毒病的演变，并将根据需要更新相关建议。,chinese,Q&A on infection prevention and control for health care workers caring for patients with suspected or confirmed 2019-nCoV,2019冠状病毒病最常见症状是发热、乏力和干咳。有些患者可能会有疼痛、鼻塞、流涕、咽痛或腹泻等症状。这些症状往往轻微，且逐渐出现。有些感染者并无任何症状，也无不适感。大多数感染者（约80%）无需特别治疗即可康复。大约六分之一感染者病情严重，呼吸困难。老人以及那些有基础性疾病（如高血压、心脏病或糖尿病）的人可能会患严重疾病。发热、咳嗽和呼吸困难者应就医。
503,采集2019冠状病毒病疑似或确诊患者鼻咽或口咽拭子样本的医护人员应该使用什么样的个人防护装备？,采集2019冠状病毒病疑似或确诊患者鼻咽或口咽拭子样本的医护人员应训练有素，熟悉规程，并应穿着干净但非无菌的长袖罩衣、医用口罩、护眼装置（即护目镜或面罩）和手套。采集样本应在单独/隔离的房间中进行。在采集鼻咽拭子样本时，医护人员应要求患者戴上医用口罩或用纸巾遮口。采集鼻咽或口咽拭子样本有可能引起患者咳嗽，但目前没有证据表明采集鼻咽或口咽拭子样本时引起的咳嗽会加剧通过气溶胶传播2019冠状病毒病的风险。,chinese,Q&A on infection prevention and control for health care workers caring for patients with suspected or confirmed 2019-nCoV,世卫组织就如何规划大型集会提供了指导和培训课程。指导和课程都着眼于如何与地方主管部门合作进行风险评估、规划和管理卫生风险：https://www.who.int/emergencies/diseases/novel-coronavirus-2019/technical-guidance/points-of-entry-and-mass-gatherings。你可以在以下网址找到可提供给参与者个人的关于如何保护他们自己以及他们所爱的人免受COVID-19侵害的建议：https://www.who.int/zh/emergencies/diseases/novel-coronavirus-2019/advice-for-public。
504,血站是否应该常规筛查血液制品中有无COVID-19病毒？,不应该。尽管在有症状的2019冠状病毒病患者血液中检测到SARS-CoV-2的核糖核酸片段，但这并不意味着所检出的病毒有存续力或有传染性。一般而言，没有证据显示呼吸道病毒会通过输血传播。但血站应采取常规献血筛查措施，以防有呼吸系统症状或发烧的人献血。作为预防措施，血站可以鼓励那些在过去14天内有在存在COVID-19疫情的国家旅行史的人或已被确诊患2019冠状病毒病的人或与2019冠状病毒病确诊病例有密切接触的人自行推迟献血。,chinese,Q&A on infection prevention and control for health care workers caring for patients with suspected or confirmed 2019-nCoV,像奥运会或世界杯这样引人注目的国际体育赛事以及像麦加朝圣这样的国际宗教活动算是大型集会。然而，不那么引人注目的会议和活动也可能符合世卫组织对大型集会的定义。如果一项活动所汇集的人多到有可能造成活动所在社区卫生系统的规划和应对资源紧张，那么这项活动就被视为“大型集会”。你需要考虑活动的举办地点和持续时间以及参与者人数。例如，如果在一个卫生系统能力相当有限的小岛屿国家举行为期几天的活动，那么即使只有几千人参加也会给卫生系统带来很大压力，因此该活动被认为是“大型集会”。相反，如果活动是在一个拥有资源充足的大型卫生系统的国家的大城市举行，并且仅持续几个小时，则该活动可能不构成“大型集会”。
505,医护人员在治疗和护理2019-nCoV疑似或确诊患者时，是否需要穿防护靴、医用围裙或连体防护服等常规个人防护装备？,不需要。世卫组织目前对2019-nCoV急性呼吸道疾病疑似或确诊患者的医护人员的指导意见是，除了所有医护人员针对所有患者应始终采取的标准防护措施之外，还建议采用预防接触感染和飞沫感染措施。关于个人防护装备，接触和飞沫传播预防措施包括，在进入收治2019-nCoV急性呼吸道疾病疑似或确诊患者病房之前，应佩戴一次性手套保护双手，穿戴清洁、非无菌的长袖袍服保护衣物免受污染，佩戴医用口罩保护口鼻，并戴上眼部防护装置（如护目镜和防护面罩）。N95等呼吸器仅适用于产生气溶胶的操作程序。更多有关医护人员治疗和护理新型冠状病毒疑似或确诊患者的个人防护装备的信息,chinese,Q&A on infection prevention and control for health care workers caring for patients with suspected or confirmed 2019-nCoV,如果发烧、咳嗽和呼吸困难，请不要锻炼。待在家里休息，主动就医并提前打电话。请遵从当地卫生部门的指示。 如果能够外出散步或骑车，时刻注意保持身体距离，在离开前、到达目的地和回家后立即用水和肥皂洗手。如果身旁无水和肥皂可用，请使用含酒精成分的免洗洗手液。如果去公园或公共开放空间散步、跑步或锻炼，时刻注意保持身体距离，并在离开前、到达目的地和回家后立即用水和肥皂洗手。如果身旁无水和肥皂可用，请使用含酒精成分的免洗洗手液。关于对同行人数的任何限制和/或对使用公共户外游乐设施或健身器材的限制，请遵从当地卫生部门的指示。如果没有固定的活动，则慢慢来并从低强度活动开始，例如步行和低冲击锻炼。一开始时间短些，比如5至10分钟，用几周时间逐渐延长到30分钟或更长时间。与不习惯却要做长时间活动相比，更频繁地做短时间活动会更有益、更安全。选择适当的活动，以便减少受伤的风险并享受这项活动。根据健康状况和健壮程度选择合适的强度。在做轻度和中度身体活动时，应该能够呼吸自如并进行交谈。
506,一次性医用口罩可以消毒和重复使用吗？,不可以。一次性医用口罩只能一次性使用。用后，应妥善取下口罩（不触摸正面，从后面通过两端皮筋或线绳取下口罩），并立即丢入带盖的传染性材料垃圾桶，然后采取手卫生措施。关于新型冠状病毒疫情期间使用口罩的更多信息 - 英文,chinese,Q&A on infection prevention and control for health care workers caring for patients with suspected or confirmed 2019-nCoV,世卫组织正在积极关注针对COVID-19持续进行的临床试验，包括将氯喹及其衍生物羟氯喹用于治疗和/或预防的研究。目前尚无充足数据来评估这两种药物在治疗COVID-19患者或在预防感染冠状病毒方面的疗效。世卫组织目前推荐使用氯喹治疗间日疟。在应对COVID-19背景下目前正在研究的氯喹和羟氯喹剂量和治疗方案并非治疗疟疾患者所用的剂量和治疗方案。大剂量摄入这些药物可能会给健康带来不利的或严重不利的后果。对于突发公共卫生事件，世卫组织拥有系统而透明的研发流程，包括药物临床试验。2020年1月7日启动的世卫组织COVID-19“研发蓝图”旨在快速追踪可用于挽救生命并避免大规模危机的有效检测、疫苗和药物的可得性。世卫组织还设计了一套程序，以评估紧急情况下医疗技术的性能、质量和安全性。
507,为什么世卫组织建议2019-nCoV疑似和确诊患者的医护人员采取接触和飞沫传播预防措施，而不是采用常规空气传播预防措施？,国际专家审查了2019-nCoV传播模式的现有证据并得出共识。世卫组织根据国际专家的共识制定了快速指导方针。现有证据表明此病毒通过飞沫传播，并通过接触受污染的设备表面而传播。现有证据显示通常不会通过空气传播。其他病毒性呼吸道疾病显示，在产生气溶胶的操作（例如气管插管和支气管镜检查）中，可能会发生空气传播，因此世卫组织建议对这些操作程序采取空气传播预防措施。关于2019-nCoV疫情医护人员防护的更多信息,chinese,Q&A on infection prevention and control for health care workers caring for patients with suspected or confirmed 2019-nCoV,上述所有考虑因素均适用于正在消除疟疾的国家和防止该疾病传播重新出现的国家：必须继续努力预防、发现和治疗疟疾病例，同时防止COVID-19传播并确保服务提供者的安全。即将消除疟疾的国家必须保护其重要成果并避免疟疾复发。已消除疟疾的国家必须对可能出现的任何输入性疟疾病例保持警惕，以防止该疾病再次输入。
508,世卫组织是否建议身体健康的人在2019-nCoV疫情期间通常佩戴口罩？,不，世卫组织不建议社区中无症状的个人（即没有呼吸道症状的人）佩戴医用口罩，因为目前没有证据表明健康的人通常使用医用口罩可以预防2019-nCoV传播。建议社区中有症状的人佩戴口罩。医用口罩的误用和滥用可能会导致严重的库存短缺问题，造成那些真正需要佩戴口罩的人反而无法获得口罩。在医护人员直接治疗和护理2019-nCoV急性呼吸道疾病疑似或确诊患者的医疗机构中，口罩是遏制2019-nCoV人际传播的重要工具，同时也应使用其他个人防护装备并采取手部卫生措施。关于医用口罩使用的更多信息 - 英文,chinese,Q&A on infection prevention and control for health care workers caring for patients with suspected or confirmed 2019-nCoV,请记住，口罩只应由医务人员、护理人员和有发热和咳嗽等呼吸道症状的人使用。在拿口罩前，用含酒精成分的免洗洗手液或用肥皂和清水洗手。拿起口罩，检查有无撕裂或破损。确定哪一边向上（有金属片的一边向上）。看清口罩正反面，口罩深色面朝外。将口罩戴在脸上。捏紧金属鼻夹或口罩硬边，使其贴紧鼻子。下拉口罩底部，使口罩覆盖口和下颌。使用后取下口罩；从耳后移除线绳，取下口罩后，注意不让口罩触碰脸部和衣服，以免接触可能被污染的口罩表面。用后立即将口罩丢进封闭的垃圾桶。触摸或丢弃口罩后，采取手卫生措施。使用含酒精成分的免洗洗手液洗手，如果手明显脏污，则用肥皂和清水洗手。
509,新型冠状病毒疑似和确诊患者可住在同一间病房吗？,2019-nCoV急性呼吸道疾病疑似和确诊患者最好应单间隔离。如果这不可行（例如单人病房数量有限），也可以合住。一些2019-nCoV的疑似患者实际上可能还患有其他呼吸系统疾病，因此必须将他们与2019-nCoV确诊患者隔离开。病床之间应始终保持至少1米距离。,chinese,Q&A on infection prevention and control for health care workers caring for patients with suspected or confirmed 2019-nCoV,首先，COVID-19病毒和流感病毒会导致相似的疾病症状。它们都引起呼吸系统疾病，有的患者无症状或属轻症，有的则患重症甚至死亡。其次，这两种病毒均通过接触、飞沫和污染物传播。因此，可以采取同样的公共卫生措施，例如保持良好的手卫生习惯和呼吸礼仪（咳嗽时屈肘遮掩口鼻或使用纸巾，并立即适当处置用过的纸巾）。这些措施对于预防感染很重要。
510,2019-nCoV疑似或确诊患者如果症状轻微，是否需要住院治疗？,不需要。轻症患者，例如低烧、咳嗽、不适、流涕、咽痛的患者，如果没有任何警示体征，如气短或呼吸困难、呼吸道症状恶化（有痰或咯血）、胃肠道症状（恶心、呕吐和/或腹泻等），且精神状态并无变化，在不担心发生临床症状快速恶化的情况下，可能不需要住院治疗。应告知所有居家休息的患者，如果病情恶化，即须到医院治疗。关于入院标准的更多信息 - 英文关于2019-nCoV轻症患者居家护理的信息,chinese,Q&A on infection prevention and control for health care workers caring for patients with suspected or confirmed 2019-nCoV,2019-nCoV急性呼吸道疾病疑似和确诊患者最好应单间隔离。如果这不可行（例如单人病房数量有限），也可以合住。一些2019-nCoV的疑似患者实际上可能还患有其他呼吸系统疾病，因此必须将他们与2019-nCoV确诊患者隔离开。病床之间应始终保持至少1米距离。
511,如果需要住院治疗，是否需要由专科医院或转诊医院收治2019-nCoV疑似或确诊患者？,不需要。世卫组织目前的建议是，并不要求必须由专科医院或转诊医院收治2019-nCoV急性呼吸道疾病疑似或确诊患者。但如果国家或地区认为这类医院最有可能安全收治2019-nCoV疑似或确诊患者，或者出于其他临床原因（例如需要有先进的生命支持设备），也可以选择仅由这类医院收治患者。无论如何，为保护患者、医护人员和探访者，任何收治2019-nCoV疑似或确诊患者的医疗机构均应遵循世卫组织关于医疗机构感染防控的建议。世卫组织关于医疗机构感染防控的建议,chinese,Q&A on infection prevention and control for health care workers caring for patients with suspected or confirmed 2019-nCoV,人们可以从其他感染者那里感染该病毒。2019冠状病毒病可以通过患者咳嗽或呼气时鼻或口产生的飞沫在人与人之间传播。这些飞沫掉落在患者周围的物体和表面上。其他人触摸这些物体或表面后触摸本人眼、鼻或口，就有可能患上2019冠状病毒病。如果吸入感染者咳嗽或呼气时产生的飞沫，也可能会感染病毒。因此，与患者保持1米（3英尺）以上的距离很重要。世卫组织正在评估目前关于2019冠状病毒病传播方式的研究，并将继续分享最新研究结果。该病毒能通过空气传播吗？迄今的研究结果显示，该病毒主要通过呼吸道飞沫传播，而不是通过空气传播。参见上面对“2019冠状病毒病如何传播？”问题的答复。无症状感染者是否也可以传播2019冠状病毒病？这一疾病主要通过咳嗽者的呼吸道飞沫传播。从没有任何症状的人那里感染2019冠状病毒病的风险很低。但2019冠状病毒病的许多患者仅有轻微症状，在发病早期尤其如此。因此，从轻微咳嗽且并未感到不适的人那里感染2019冠状病毒病是可能的。世卫组织正在评估目前关于2019冠状病毒病传染期的研究，并将继续分享最新研究结果。2019冠状病毒病会粪口传播吗？从感染者粪便中感染2019冠状病毒病的风险似乎很低。尽管初步调查表明在某些情况下该病毒可能存于粪便中，但粪口传播并非本次疫情的主要传播途径。世卫组织正在评估目前关于2019冠状病毒病传播方式的研究，并将继续分享新的研究结果。考虑到有此风险，更应在便后和饭前勤洗手。
512,对于2019-nCoV疑似或确诊患者所在的医疗机构或住所，推荐使用哪些消毒剂对环境消毒？,在2019-nCoV疑似或确诊患者所处的医疗机构或住所中，应使用可以有效抑制2019-nCoV和其他冠状病毒等包膜病毒的消毒剂对环境消毒。许多消毒剂（例如常用的医院消毒剂）对包膜病毒有抑制作用。世卫组织目前建议：用70%医用酒精对可以重复使用的专用设备(如温度计) 进行消毒。用0.5%（相当于5000ppm）的次氯酸钠对家中或医疗机构中经常接触的表面进行消毒。2019-nCoV疫情期间医疗机构指导方针 - 英文医疗机构的感染预防和控制,chinese,Q&A on infection prevention and control for health care workers caring for patients with suspected or confirmed 2019-nCoV,有两项研究称使用LPV/r作为接触后预防SARS-CoV和MERS-CoV的方法。其中一项研究表明，与未服用任何药物的卫生工作者相比，服用LPV/r的卫生工作者中MERS-CoV感染的发生率较低；另一项研究指出，在与SARS患者住在同一病房的19名艾滋病毒感染者中，没有发现SARS-CoV感染病例，其中11人正在接受抗逆转录病毒治疗。同样，由于样本量小、所提供药物的可变性以及暴露强度的不确定性，证据的确定性非常低。
513,2019-nCoV能在干燥的物体表面存活多久？,目前没有关于2019-nCoV在物体表面稳定性的数据。从实验室对SARS-CoV和MERS-CoV的研究数据来看，环境稳定性取决于相对温度、湿度和表面类型等若干因素。世卫组织继续监测关于新型冠状病毒的现有证据，并将在获得相关证据后予以更新。,chinese,Q&A on infection prevention and control for health care workers caring for patients with suspected or confirmed 2019-nCoV,导致COVID-19的病毒主要通过感染者咳嗽、打喷嚏或说话时产生的飞沫传播。这些飞沫太重，无法悬浮在空气中，很快就会落在地板或各种表面上。如果你与COVID-19患者相距1米以内，你可能会因为吸入病毒而被感染，或者因为在洗手前触摸了一个被污染的表面，然后又触摸自己的眼睛、鼻子或嘴巴而被感染。
514,是否有处置2019-nCoV疑似或确诊患者产生的医疗废物的特别程序？,没有。在2019-nCoV疑似或确诊患者的医护环境中或居家护理过程中产生的医疗废物应作为传染性医疗废物予以处置。关于处置传染性医疗废物的更多信息 - 英文,chinese,Q&A on infection prevention and control for health care workers caring for patients with suspected or confirmed 2019-nCoV,只有在出现COVID-19症状（尤其是咳嗽）或照顾可能感染COVID-19的人时，才需要戴口罩。一次性口罩只能使用一次。如果未生病或未在照顾病人，那么戴口罩便是浪费。目前世界各地都短缺口罩，世卫组织促请人们明智地使用口罩。世卫组织建议合理使用医用口罩，避免不必要浪费宝贵资源，并避免错误使用口罩（见口罩使用建议）。针对COVID-19，保护自己和他人的最有效方法是勤洗手，咳嗽时用肘部或纸巾遮掩口鼻，并与咳嗽或打喷嚏的人保持至少1米（3英尺）的距离。更多信息见针对新型冠状病毒的基本防护措施。
515,是否有管理2019-nCoV尸体的特别程序？,没有关于管理2019-nCoV尸体的特别程序。有关部门和医疗机构应继续执行其现有的关于传染病患者死后管理的政策和法规。,chinese,Q&A on infection prevention and control for health care workers caring for patients with suspected or confirmed 2019-nCoV,除常规的疟疾控制办法外，在COVID-19大流行背景下可能还需要采取特别措施，例如暂时恢复假定性疟疾治疗或实施大型服药活动，事实证明这些措施在以前的一些紧急情况下是有益的。假定性疟疾治疗是指在没有诊断确诊（例如通过快速诊断检测）的情况下对疑似疟疾病例进行治疗。这种办法通常只用于极端情况，例如无法再提供快速诊断情况下的病例。大型服药活动是世卫组织推荐的办法，用于在流行期间和复杂的紧急情况下迅速降低疟疾死亡率和发病率。通过大型服药活动，目标人群中的所有个体，无论是否显示出这种疾病症状，都会得到抗疟疾药物——通常要重复服用。只有在认真考虑以下两个重要目标之后才可采取此类特别措施：降低与疟疾有关的死亡率和保证卫生工作者安全。世卫组织正在探讨何时以及如何启动此类措施的具体建议；指导意见将在适当时发布。
516,是否有隔离病房的设置模式、类型、产品和健康要求？,目前正开发隔离病房设置模式。关于新型冠状病毒患者的医护人员的个人防护装备规格，见疾病用品包（英文）。,chinese,Q&A on infection prevention and control for health care workers caring for patients with suspected or confirmed 2019-nCoV,这两种病毒的一个重大差异是传播速度。与COVID-19病毒相比，流感的中位潜伏期（从感染到出现症状的时间）较短，病例间隔时间也较短。COVID-19病例间隔时间估计为5-6天，而流感病例间隔时间为3天。这也就是说，流感传播速度可能高于COVID-19。此外，疾病最初3-5天的传播，或在出现症状前可能发生的传播，是流感传播的一个主要驱动因素。相比之下，虽然我们了解到有些人可在症状出现之前24-48小时排放COVID-19病毒，但目前看来这似乎并不是COVID-19传播的主要驱动因素。据了解，COVID-19病毒的基本繁殖数（即一位受感染个人导致的继发感染数）在2到2.5之间，高于流感病毒。但对COVID-19病毒和流感病毒的估算在很大程度上取决于具体环境和时间，因此较难直接比较。儿童是流感病毒社区传播的重要传播源。但初步数据表明儿童受COVID-19病毒感染的程度低于成人，0-19岁年龄组的临床发病率较低。来自中国家庭传播研究项目的进一步初步数据表明，儿童由成人感染，而不是成人由儿童感染。这两种病毒引发的疾病症状相似，但看来重症比例不同。关于COVID-19，迄今为止的数据表明80%的感染是轻症或无症状，15%是严重感染，需要输氧，5%是危重感染，需要插管通气。COVID-19严重和危重感染百分比高于观测到的流感病毒感染情况。儿童、孕妇、老年人、有慢性基础疾病的人和免疫受抑制人群是流感严重感染的高风险人群。而对于COVID-19，我们认为，老龄和基础性疾病会加剧严重感染的风险。COVID-19的死亡率看来高于流感，尤其是高于季节性流感。需要一些时日才能确定COVID-19的实际死亡率。据我们目前掌握的数据，粗死亡率（报告的死亡人数除以报告的病例数）在3%-4%之间，感染死亡率（报告的死亡人数除以感染人数）会低于此数。季节性流感死亡率通常远低于0.1%。死亡率在很大程度上取决于人们获得医疗服务的机会和质量。
517,也可以使用含氯溶液吗？,强烈建议不要使用含氯溶液，因为制作和稀释含氯溶液会带来刺激手和不良健康影响（例如刺激眼睛和引起呼吸问题）的较高风险。此外，如果暴露在阳光下或受热，含氯溶液可能会丧失抗病毒效果。训练有素的人员才能制备达到0.05%正确剂量的含氯溶液。私营部门制作的漂白剂浓度不一。含氯溶液必须每天配置，即使在盖紧容器后存于背光阴凉干燥处也是如此。而简单的肥皂水溶液则无任何上述健康风险和不良后果，不会因受热或阳光照射而丧失抗病毒效果。肥皂水抗病毒作用的原理是，肥皂可以溶解冠状病毒的表面脂肪包膜，进而杀灭病毒。,chinese,Q&A on infection prevention and control for health care workers caring for patients with suspected or confirmed 2019-nCoV,你计划举行的大型集会所在地的国家和地方公共卫生主管部门很可能知道如何进行卫生风险评估。如果那里有世卫组织国家办事处，他们也可以提供一些专家支持。你所在地区的世卫组织区域办事处也可能提供这方面的支持。你可以在以下网址找到世卫组织区域办事处的名称和联系方式：https://www.who.int/zh/about/who-we-are/regional-offices。
518,何为身体活动？,身体活动包括各种形式的主动康乐活动、参加体育活动、骑车和步行以及工作时和在家及花园四周所做的各种活动。不必非得是锻炼或体育活动——玩耍、跳舞、园艺，甚至打扫房间和进行繁重购物都是身体活动的组成部分。在COVID-19大流行期间，我们中的许多人行动极其受限，各年龄段不同能力的人尽可能坚持活动更加重要。久坐之后歇息片刻，做3-5分钟的身体活动（如步行或拉伸活动），也有助于舒缓肌肉劳损、缓解精神紧张并改善血液循环和肌肉活动。有规律的身体活动也有助于每日有一个例行活动，并成为与家人和朋友保持联系的一种方式。,chinese,Be Active during COVID-19,请记住，口罩只应由医务人员、护理人员和有发热和咳嗽等呼吸道症状的人使用。在拿口罩前，用含酒精成分的免洗洗手液或用肥皂和清水洗手。拿起口罩，检查有无撕裂或破损。确定哪一边向上（有金属片的一边向上）。看清口罩正反面，口罩深色面朝外。将口罩戴在脸上。捏紧金属鼻夹或口罩硬边，使其贴紧鼻子。下拉口罩底部，使口罩覆盖口和下颌。使用后取下口罩；从耳后移除线绳，取下口罩后，注意不让口罩触碰脸部和衣服，以免接触可能被污染的口罩表面。用后立即将口罩丢进封闭的垃圾桶。触摸或丢弃口罩后，采取手卫生措施。使用含酒精成分的免洗洗手液洗手，如果手明显脏污，则用肥皂和清水洗手。
519,为什么需要身体活动？,有规律的身体活动有益于身心健康，可以降低高血压，有助于控制体重并降低患心脏病、中风、II型糖尿病和各种癌症的患病风险，还可以增强骨骼和肌肉力量，并提高平衡、柔韧和健美程度。对于老年人而言，改善平衡的活动有助于防止跌倒和受伤。对于儿童而言，有规律的身体活动有助于健康成长和发育，并减少晚年患病的风险，通过有规律的活动，儿童也可以发展基本的运动技能并建立社交关系。有规律的身体活动还有助于精神健康，并可以降低患上抑郁症和认知能力下降的风险，能够延缓痴呆症的形成——并提高整体幸福感。,chinese,Be Active during COVID-19,不需要。世卫组织目前对2019-nCoV急性呼吸道疾病疑似或确诊患者的医护人员的指导意见是，除了所有医护人员针对所有患者应始终采取的标准防护措施之外，还建议采用预防接触感染和飞沫感染措施。关于个人防护装备，接触和飞沫传播预防措施包括，在进入收治2019-nCoV急性呼吸道疾病疑似或确诊患者病房之前，应佩戴一次性手套保护双手，穿戴清洁、非无菌的长袖袍服保护衣物免受污染，佩戴医用口罩保护口鼻，并戴上眼部防护装置（如护目镜和防护面罩）。N95等呼吸器仅适用于产生气溶胶的操作程序。更多有关医护人员治疗和护理新型冠状病毒疑似或确诊患者的个人防护装备的信息
520,建议多大的身体活动量？,世卫组织就各个年龄段应采取的有益于其健康与幸福感的身体活动量提出了详细建议（5岁以下儿童；青少年、成年人和老年人）。以下是我们推荐的最低活动量：一岁以下婴儿需要每天进行几次身体活动。五岁以下儿童每天应至少花180分钟时间做身体活动，3-4岁儿童每天应做1个小时的中等或剧烈活动。5-17岁的儿童和青少年所有儿童和青少年应每周至少3天每天至少花60分钟时间做中度到剧烈的身体活动，包括增强肌肉和骨骼力量的身体活动。18岁以上成年人一星期应当至少共花150分钟时间做中度身体活动，或者一星期至少花75分钟时间做剧烈的身体活动，包括每星期两天或更多天做增强肌肉力量活动。行动不便的老年人应当每星期三天或更多天做身体活动，以增强平衡并防止摔倒。但是，做任何身体活动都比不做强。从少量活动开始，随着时间逐渐增加持续时间、频率和强度。在COVID-19大流行期间坚持活动对我们所有人而言都具有挑战性。由于活动身体的机会似乎更加受限，因此每天规划坚持活动的方式并减少久坐时间甚至更加重要。简而言之，在这关键时期要确保我们所有人多动少坐。,chinese,Be Active during COVID-19,我们知道有COVID-19患者的动物和宠物受到感染；作为负责改善全球动物健康的政府间机构，世界动物卫生组织（国际兽疫局）正在为兽医机构和技术专家制定与动物健康相关的专题技术指导（包括检测和检疫指导）；一些动物有可能通过与被感染的人密切接触而受到感染。需要进一步证据来了解动物和宠物是否会传播该疾病；根据目前的证据，人际传播仍是主要传播渠道；现在说猫是否可能是传播COVID-19的中间宿主还为时过早。
521,在COVID-19疫情期间如何在锻炼时保证自己的安全？,如果发烧、咳嗽和呼吸困难，请不要锻炼。待在家里休息，主动就医并提前打电话。请遵从当地卫生部门的指示。 如果能够外出散步或骑车，时刻注意保持身体距离，在离开前、到达目的地和回家后立即用水和肥皂洗手。如果身旁无水和肥皂可用，请使用含酒精成分的免洗洗手液。如果去公园或公共开放空间散步、跑步或锻炼，时刻注意保持身体距离，并在离开前、到达目的地和回家后立即用水和肥皂洗手。如果身旁无水和肥皂可用，请使用含酒精成分的免洗洗手液。关于对同行人数的任何限制和/或对使用公共户外游乐设施或健身器材的限制，请遵从当地卫生部门的指示。如果没有固定的活动，则慢慢来并从低强度活动开始，例如步行和低冲击锻炼。一开始时间短些，比如5至10分钟，用几周时间逐渐延长到30分钟或更长时间。与不习惯却要做长时间活动相比，更频繁地做短时间活动会更有益、更安全。选择适当的活动，以便减少受伤的风险并享受这项活动。根据健康状况和健壮程度选择合适的强度。在做轻度和中度身体活动时，应该能够呼吸自如并进行交谈。,chinese,Be Active during COVID-19,我们知道有COVID-19患者的动物和宠物受到感染；作为负责改善全球动物健康的政府间机构，世界动物卫生组织（国际兽疫局）正在为兽医机构和技术专家制定与动物健康相关的专题技术指导（包括检测和检疫指导）；一些动物有可能通过与被感染的人密切接触而受到感染。需要进一步证据来了解动物和宠物是否会传播该疾病；根据目前的证据，人际传播仍是主要传播渠道；现在说猫是否可能是传播COVID-19的中间宿主还为时过早。
522,如何在家中和四周坚持活动？,尽量减少久坐时间，无论是上班、学习、看电视、看书、使用社交媒体还是使用屏幕打游戏。每隔20-30分钟休息3-5分钟，减少久坐不起。只需站起来伸展一下身体即可，在房子周围走走、爬爬楼梯或到花园走走则更好。只要四处走动并伸展一下身体，就可以改善健康状况并提高幸福感。有关健康伸展运动的更多思路和插图 - 英文。制订有规律的作息，每日坚持活动，规划自己的身体活动或锻炼时间，参加线上课程或与朋友或同事进行积极的在线互动。安排具体时间坚持活动，有助于保证完成每日的身体活动。把时间安排记在日记里，这有助于提醒你。坚持不放弃，因为这将有助于形成有规律的作息，并在COVID-19疫情期间受到各种限制的情况下帮助适应新的工作、学习和家庭生活方式。与家人和朋友积极互动，与他人建立联系有助于个人和家人在家中及其他地方共度时光并坚持活动。安排时间与孩子一起在家中玩游戏、在公园里散步或骑车，这可能是全家人在居家期间放松、待在一起、保持积极健康的一种方式。  确定自己和家人坚持活动的目标，选择一种特定类型活动、每日的活动时间和/或每天活动多少分钟。让每位家庭成员选择自己的目标，这会提出不小的挑战，但在家人或朋友帮助下、在动力驱动下则是切合实际的。在每周活动图表上记一下进度，如果认为有帮助，请用自己喜爱的东西奖励一下自己。更多的身体活动思路有助于坚持活动一岁以下婴儿花固定时间与家里的婴儿做地板游戏，让婴儿处于俯卧姿势（“俯卧时间”），并在婴儿清醒时全天随时进行这项活动。五岁以下儿童在家中和四周积极玩耍——发明一些需要活动同时可以发展投掷、接抓、踢蹬技能并且培养仪态和平衡能力的游戏。积极玩耍、积极做游戏，让孩子们大口喘气，例如四处奔跑和各种跳跃活动。5-17岁的儿童和青少年积极的游戏并与家人积极玩耍。参加线上的积极游戏或积极课程，并寻找适合青少年的线上体育课程以及规律运动。安排室内场地游戏（例如跳绳和跳房子）——制作新游戏并设计需要坚持活动的挑战。学习一项新技能——例如试着学一下玩杂耍。鼓励做一些增加肌肉力量训练活动，例如举重或即兴使用重物，例如装满水或沙子的瓶子。成人尽量多爬楼梯，将其视为坚持活动的机会。 将家务劳动作为增加身体活动的方式。抽时间找乐，例如随着音乐跳舞。参加线上锻炼课程，或设计自己喜欢的有配乐的固定动作，调动主要的肌肉群并提高心律。做一些增强肌肉力量的活动，例如举重或即兴举整瓶水，或者只是利用自己的身体重量，做几组俯卧撑、仰卧起坐和下蹲。 何处获得更多帮助和信息如需得到更多思路，请用互联网搜索平台并查看社交媒体以获得建议，并获取适合所有年龄儿童及成年人的免费资源，以便进行各种健身和能力增强活动。,chinese,Be Active during COVID-19,强烈建议不要使用含氯溶液，因为制作和稀释含氯溶液会带来刺激手和不良健康影响（例如刺激眼睛和引起呼吸问题）的较高风险。此外，如果暴露在阳光下或受热，含氯溶液可能会丧失抗病毒效果。训练有素的人员才能制备达到0.05%正确剂量的含氯溶液。私营部门制作的漂白剂浓度不一。含氯溶液必须每天配置，即使在盖紧容器后存于背光阴凉干燥处也是如此。而简单的肥皂水溶液则无任何上述健康风险和不良后果，不会因受热或阳光照射而丧失抗病毒效果。肥皂水抗病毒作用的原理是，肥皂可以溶解冠状病毒的表面脂肪包膜，进而杀灭病毒。
523,有多少个受疟疾影响国家报告了COVID-19病例？,世卫组织所有区域的疟疾流行国家都报告了COVID-19病例。世卫组织非洲区域的疟疾负担占全球负担的90%以上，截至3月25日，该区域有37个国家报告了这种疾病的病例；其中有10个国家报告该病存在本地传播。关于COVID-19大流行的最新状况报告可从世卫组织网站获取。,chinese,Malaria and the COVID-19 pandemic,目前，在COVID-19的临床表现或孕妇和非孕妇或育龄成人的重症风险或胎儿受损风险之间没有已知的区别。考虑到妊娠期间和之后可能与COVID-19症状重叠的免疫和生理适应，疑似或确诊感染COVID-19的孕妇和最近怀孕的妇女应接受支持性和管理治疗。数据有限，但在证据基础提供更明确的信息之前，应特别考虑可能感染COVID-19的有合并疾病的孕妇。在发布这一信息时，没有孕妇死亡的报告[17]，但是，可能需要优先考虑对有症状的孕妇进行COVID-19检测，以便其能够获得专门护理。应向所有新近感染COVID-19或已从COVID-19中康复的孕妇提供关于安全喂养婴儿的信息和建议，以及适当的感染预防和控制措施，以防止COVID-19病毒的传播[18]。在已经确诊或正在调查疾病的情况下，管理与非孕妇类似，应适当隔离已经确诊的或正在接受调查的患者。产科设施必须得到通知并作好准备，注意，任何确诊患有COVID-19的母亲所生的婴儿都应被视为“接受调查者”，并应根据感染预防和控制指南进行隔离。目前尚不清楚感染COVID-19的新生儿患严重并发症的风险是否会增大。
524,鉴于COVID-19在全球快速传播，是否应继续实施疟疾病媒控制核心干预措施？,最近几天有报告称，由于担心接触到COVID-19，若干非洲国家暂停了药浸蚊帐和室内残留喷洒运动。暂停此类运动将使许多弱势民众，特别是幼儿和孕妇面临更大的疟疾风险。世卫组织大力鼓励各国不要暂停规划或实施病媒控制活动，包括药浸蚊帐和室内残留喷洒运动，同时确保提供这些服务时采用保护卫生工作者和社区免受COVID-19感染的最佳实践。可能需要修改计划分发战略，以最大限度减少接触冠状病毒。预防疟疾联盟在应对COVID-19背景下就分发药浸蚊帐为国家疟疾控制规划提供了宝贵指导；这些建议与世卫组织的全球指导意见一致。为开展室内残留喷洒运动，世卫组织支持美国总统的疟疾倡议在COVID-19背景下提出的指导意见。除其他行动外，该指导意见建议室内残留喷洒部署小组：增加所有行动地点的洗手台和肥皂数量；加强对所有小组成员的早上健康检查，并在可行的情况下增加体温测量；进入行动地点之前戴好N-95口罩和个人防护装备；经常擦拭任何接触表面（门把手、车辆栏杆等）。除上述建议外，还应为普通民众提供世卫组织推荐的基本保护措施。,chinese,Malaria and the COVID-19 pandemic,处理2019冠状病毒病患者的脏被褥、毛巾和衣服的所有人员应该注意以下事项： 在接触上述任何脏污用品之前，应穿戴适当的个人防护装备，包括坚实的手套、口罩、眼睛保护装置（面罩/护目镜）、长袖罩衣、围裙（如果罩衣不耐液体）、靴子或密闭的鞋子。不要贴身拿这些脏污用品；将这些用品放在有清晰标记的不漏的容器（如袋子或桶）中。如果这些用品上有任何粪便或呕吐物等固体排泄物，在将这些用品放入专用容器之前，需用平坦、坚固的器具小心地将排泄物刮到马桶或专用厕所中。如果患者房间并无厕所，则需将刮下的排泄物放入带盖的桶里，然后拿到厕所里处理掉。洗涤和消毒这些用品：建议使用洗衣机，用温水（60-90℃）和洗涤剂进行洗涤，以清洁和消毒这些用品。如果不能用洗衣机洗，可用大桶将它们浸泡在热肥皂水中，然后用棍子搅拌，但应注意不要拍打和溅水。如果没有热水，则可将它们浸泡在0.05%的含氯漂白剂中约30分钟。最后，需用清水冲洗，然后晾在阳光下晒干。 关于环境清洁最佳做法的更多信息，见以下两份英文文件：(1) 在卫生保健设施中预防和控制易流行和易大流行的急性呼吸道感染：https://www.who.int/csr/bioriskreduction/infection_control/publication/en/(2) 在资源有限环境下卫生保健设施中清洁环境的最佳做法：https://www.cdc.gov/hai/pdfs/resource-limited/environmental-cleaning-508.pdf 。由美国疾病预防控制中心和免疫成本计算行动网络（ICAN）与世卫组织合作开发。
525,继续在撒哈拉以南非洲实施世卫组织推荐的预防性治疗吗？,是的，应继续实施怀孕期间间歇性预防治疗、季节性疟疾化学预防和婴儿间歇性预防性治疗，前提是采取最佳做法保护卫生工作者及其他一线工作人员免受COVID-19感染。确保获得这些工具和疟疾预防的其他核心工具可以挽救生命，是在应对COVID-19背景下减轻卫生系统所承受压力的重要战略。世卫组织新的指导意见介绍了在COVID-19背景下卫生工作者的权利、角色和责任。世卫组织还为各国制定了在大流行期间继续安全提供基本卫生服务的指导意见。,chinese,Malaria and the COVID-19 pandemic,世卫组织目前关于疑似COVID-19感染时严重急性呼吸道感染临床管理的临时指导文件建议不要使用糖皮质激素，除非另有原因[8]。该指导文件基于几个系统性综述，这些综述列举了用糖皮质激素常规治疗病毒性肺炎或急性呼吸窘迫综合征缺乏有效性和可能有害的情况[9]。
526,世卫组织关于疟疾诊断与治疗的指导意见是否有任何变化？,世卫组织的指导意见仍然不变。早诊断、早治疗对于防止疟疾轻症发展成重症或导致死亡至关重要。各国不应缩减发现和治疗疟疾工作；否则会严重损害数百万感染了可能危及生命的疾病的患者的健康和福祉。,chinese,Malaria and the COVID-19 pandemic,目前，引起COVID-19的冠状病毒SARS-CoV-2的来源尚不清楚。所有现有证据表明，SARS-CoV-2有一个天然的动物来源，而不是一个构建的病毒。蝙蝠很可能是SARS-CoV-2病毒的天然贮主。SARS-CoV-2属于一类基因相关病毒，其中也包括SARS-CoV和从蝙蝠种群中分离出来的许多其它冠状病毒。MERS-CoV也属于这一类，但关系不那么密切。
527,在COVID-19背景下可能需要哪些额外特别措施？,除常规的疟疾控制办法外，在COVID-19大流行背景下可能还需要采取特别措施，例如暂时恢复假定性疟疾治疗或实施大型服药活动，事实证明这些措施在以前的一些紧急情况下是有益的。假定性疟疾治疗是指在没有诊断确诊（例如通过快速诊断检测）的情况下对疑似疟疾病例进行治疗。这种办法通常只用于极端情况，例如无法再提供快速诊断情况下的病例。大型服药活动是世卫组织推荐的办法，用于在流行期间和复杂的紧急情况下迅速降低疟疾死亡率和发病率。通过大型服药活动，目标人群中的所有个体，无论是否显示出这种疾病症状，都会得到抗疟疾药物——通常要重复服用。只有在认真考虑以下两个重要目标之后才可采取此类特别措施：降低与疟疾有关的死亡率和保证卫生工作者安全。世卫组织正在探讨何时以及如何启动此类措施的具体建议；指导意见将在适当时发布。,chinese,Malaria and the COVID-19 pandemic,就目前并非已知存在COVID-19社区传播的国家而言，重点考虑的是计划中的大型集会活动是否会大大增加病毒进入该国并持续存在的风险，以及参与者带着该传染病回国并进一步加剧全球传播的风险。在进行这一评估时，组织者及其国家或地方卫生主管部门应认识到COVID-19输入病例的风险自然与国际旅行有关。他们还应该认识到，以零风险为目标既不现实也不可取。在组织者和卫生主管部门决定是否举行大型集会时，他们应该确定可接受的风险是什么，以及应该采取哪些额外措施来降低风险。就COVID-19已经开始在社区传播的国家而言，主要考虑因素是：旨在遏制或至少减缓病毒在当地社区/国家的传播。防止来自其它国家的参与者感染COVID-19。在不同情况下，应根据COVID-19的已知特征、严重性、传播性以及预防或减少传播措施的有效性来考虑风险。还需要考虑应对COVID-19疫情已经给地方卫生系统带来的压力，以及大型集会可能给系统带来的额外压力。你可以在2020年2月14日在本次COVID-19疫情的背景下发布的世卫组织文件《大型集会的主要规划建议》中找到更多的建议：https://www.who.int/publications-detail/key-planning-recommendations-for-mass-gatherings-in-the-context-of-the-current-covid-19-outbreak。
528,为什么世卫组织特别关注COVID-19在受疟疾影响地区扩散？,先前的经验表明，疾病暴发对卫生服务提供具有破坏性影响，并对疟疾等疾病产生了后果。例如，2014-2016年几内亚、利比里亚和塞拉利昂暴发埃博拉疫情破坏了疟疾控制工作，并导致这三个国家与疟疾有关的疾病和死亡人数大幅增长。最近几周，COVID-19大流行考验了全世界强大的卫生系统的韧性。世卫组织认识到疟疾给卫生系统脆弱国家的弱势民众带来了沉重负担，强调持续努力预防、发现和治疗疟疾的至关重要性。所有区域都应采取保护措施，以最大限度降低患者、社区和卫生服务提供者之间传播COVID-19的风险。世卫组织在应对COVID-19疫情暴发背景下制定了详细的卫生工作者指南，并为继续安全地提供基本卫生服务制定了业务指南。,chinese,Malaria and the COVID-19 pandemic,最近几天有报告称，由于担心接触到COVID-19，若干非洲国家暂停了药浸蚊帐和室内残留喷洒运动。暂停此类运动将使许多弱势民众，特别是幼儿和孕妇面临更大的疟疾风险。世卫组织大力鼓励各国不要暂停规划或实施病媒控制活动，包括药浸蚊帐和室内残留喷洒运动，同时确保提供这些服务时采用保护卫生工作者和社区免受COVID-19感染的最佳实践。可能需要修改计划分发战略，以最大限度减少接触冠状病毒。预防疟疾联盟在应对COVID-19背景下就分发药浸蚊帐为国家疟疾控制规划提供了宝贵指导；这些建议与世卫组织的全球指导意见一致。为开展室内残留喷洒运动，世卫组织支持美国总统的疟疾倡议在COVID-19背景下提出的指导意见。除其他行动外，该指导意见建议室内残留喷洒部署小组：增加所有行动地点的洗手台和肥皂数量；加强对所有小组成员的早上健康检查，并在可行的情况下增加体温测量；进入行动地点之前戴好N-95口罩和个人防护装备；经常擦拭任何接触表面（门把手、车辆栏杆等）。除上述建议外，还应为普通民众提供世卫组织推荐的基本保护措施。
529,正在致力于消除疟疾或防止传播重新出现的国家的主要考虑因素是什么？,上述所有考虑因素均适用于正在消除疟疾的国家和防止该疾病传播重新出现的国家：必须继续努力预防、发现和治疗疟疾病例，同时防止COVID-19传播并确保服务提供者的安全。即将消除疟疾的国家必须保护其重要成果并避免疟疾复发。已消除疟疾的国家必须对可能出现的任何输入性疟疾病例保持警惕，以防止该疾病再次输入。,chinese,Malaria and the COVID-19 pandemic,迄今为止，没有任何流行病学信息表明，有人曾因接触来自2019冠状病毒病疫情国家的货物、产品或车辆而患2019冠状病毒病。鉴于并无证据表明来自存在2019冠状病毒病疫情的国家的任何商品和产品对公众健康构成风险，我们没有关于如何对这些产品进行消毒的建议。世卫组织将继续密切监测2019冠状病毒病的演变，并将根据需要更新相关建议。
530,COVID-19大流行是否导致与疟疾相关的主要商品的全球供应中断？,是的。最近几天有报告称，由于封锁和为应对COVID-19商品进出口暂停，防治疟疾基本商品（例如长效药浸蚊帐、快速诊断检测和抗疟疾药物）的供应链中断。需要采取协调行动确保疟疾控制关键工具的可得性，特别是在疾病高负担国家，并确保限制COVID-19传播的行动不会损害疟疾预防、诊断和治疗服务的获得。,chinese,Malaria and the COVID-19 pandemic,不一样。导致COVID-19的病毒与严重急性呼吸综合征（SARS）病毒在基因上有关联，但并非同一种病毒。与COVID-19相比，SARS病死率较高，但传染性则低得多。自2003年以来，在世界上任何地方均未发生SARS疫情。
531,在COVID-19疫情背景下世卫组织正采取哪些行动来支持受疟疾影响国家？,世卫组织正在本组织的三个层面上（国家、区域和总部）开展工作，以确保旨在预防冠状病毒传播并指导COVID-19疾病管理的任何建议适用于受疟疾影响国家。世卫组织与合作伙伴一起还确定了一系列相互关联的必要行动，以减轻COVID-19在受疟疾冲击最严重的国家的影响。本组织最近召集合作伙伴讨论合作与协调领域，目的是：产生、使用和传播准确的信息；减轻对卫生系统的干扰；确保针对疟疾的常规服务的连续性，在某些情况下还提供额外特别措施。世卫组织愿意与各国和其他利益攸关方合作，减轻冠状病毒对全世界应对疟疾的不利影响，并在可能的情况下为成功应对COVID-19做出贡献。,chinese,Malaria and the COVID-19 pandemic,有两项研究称使用LPV/r作为接触后预防SARS-CoV和MERS-CoV的方法。其中一项研究表明，与未服用任何药物的卫生工作者相比，服用LPV/r的卫生工作者中MERS-CoV感染的发生率较低；另一项研究指出，在与SARS患者住在同一病房的19名艾滋病毒感染者中，没有发现SARS-CoV感染病例，其中11人正在接受抗逆转录病毒治疗。同样，由于样本量小、所提供药物的可变性以及暴露强度的不确定性，证据的确定性非常低。
532,在应对COVID-19背景下世卫组织对使用氯喹和羟氯喹持何立场？,世卫组织正在积极关注针对COVID-19持续进行的临床试验，包括将氯喹及其衍生物羟氯喹用于治疗和/或预防的研究。目前尚无充足数据来评估这两种药物在治疗COVID-19患者或在预防感染冠状病毒方面的疗效。世卫组织目前推荐使用氯喹治疗间日疟。在应对COVID-19背景下目前正在研究的氯喹和羟氯喹剂量和治疗方案并非治疗疟疾患者所用的剂量和治疗方案。大剂量摄入这些药物可能会给健康带来不利的或严重不利的后果。对于突发公共卫生事件，世卫组织拥有系统而透明的研发流程，包括药物临床试验。2020年1月7日启动的世卫组织COVID-19“研发蓝图”旨在快速追踪可用于挽救生命并避免大规模危机的有效检测、疫苗和药物的可得性。世卫组织还设计了一套程序，以评估紧急情况下医疗技术的性能、质量和安全性。,chinese,Malaria and the COVID-19 pandemic,是的。最近几天有报告称，由于封锁和为应对COVID-19商品进出口暂停，防治疟疾基本商品（例如长效药浸蚊帐、快速诊断检测和抗疟疾药物）的供应链中断。需要采取协调行动确保疟疾控制关键工具的可得性，特别是在疾病高负担国家，并确保限制COVID-19传播的行动不会损害疟疾预防、诊断和治疗服务的获得。
533,艾滋病毒感染者感染COVID-19的风险更高吗？,"一般而言，处于疾病晚期的艾滋病毒感染者、CD4低和病毒载量高的艾滋病毒感染者以及未接受抗逆转录病毒治疗的艾滋病毒感染者的感染和相关并发症风险更高。尚不清楚艾滋病毒的免疫抑制是否会使人更容易感染COVID-19，因此，在了解更多情况之前，应该对所有晚期艾滋病毒感染者或艾滋病毒没有得到有效控制的感染者采取额外的预防措施[1],[2]。目前没有证据表明，在接受抗逆转录病毒治疗的临床和免疫稳定的艾滋病毒感染者中，COVID-19感染或并发症的风险与普通人群相比有所不同。一些艾滋病毒感染者可能有已知的COVID-19并发症的风险因素，如糖尿病、高血压及其它非传染性疾病，因此可能面临更高的与艾滋病毒无关的COVID-19风险。我们知道，在SARS和MERS疫情期间，艾滋病毒感染者中只有少数几个轻症病例的报告。迄今为止，已有一例艾滋病毒感染者患上COVID-19并康复的病例报告[3]，以及一项来自中国的关于风险因素和患COVID-19的艾滋病毒感染者中抗逆转录病毒药物的使用情况的小型研究。该研究报告说，与整个人群相比，COVID-19疾病的发生率相似，并且风险随年龄的增长而增高，但与CD4低、病毒载量高或抗逆转录病毒疗法无关[4]。目前的临床数据表明，主要的死亡风险因素与老年和其它共病相关，包括心血管疾病、糖尿病、慢性呼吸道疾病和高血压。一些非常健康的人也因冠状病毒感染而患上了严重的疾病[5]。建议艾滋病毒感染者采取与普通人群相同的预防措施[6],[7]： 经常洗手咳嗽礼仪保持身体距离有症状时就医如果与COVID-19感染者接触过，自我隔离，以及根据政府回应采取的其它行动 应确保正在服用抗逆转录病毒药物的艾滋病毒感染者至少30天、最多6个月的药品供应，并确保他们最近接种了疫苗（流感和肺炎球菌疫苗）。还应确保提供足够的药物来治疗合并感染、共病和成瘾。",chinese,"Q&A on COVID-19, HIV and antiretrovirals",重要的是确保在公共卫生领域应对COVID-19大流行中实施隔离措施的情况下也能继续获得基本的艾滋病毒预防、检测和治疗服务。虽然应维持获得基本服务的机会，但应考虑并实施适合的循证措施，以减少可能的传播。这些措施包括[12] ： 对所有患者采取标准预防措施（包括确保所有患者在咳嗽或打喷嚏时用纸巾或手肘捂住口鼻，在疑似感染COVID-19的患者等待服务时为其提供医用口罩，采取手卫生措施等。）卫生保健和外联工作者以及同伴教育者和客户应采取适当的手卫生措施确保分类、早期识别和源头控制（隔离疑似感染COVID-19的患者）确保医疗机构的所有区域都通风良好在所有类型的服务中，所有患者之间最好保持至少1米的空间间隔应始终严格遵循清洁和消毒程序发放较长期间的药物（用于治疗艾滋病毒、结核病和其它慢性疾病，如阿片类药物依赖），减少患者的就诊频率考虑将服务减少至最关键的服务（提供基本的治疗和预防服务；咨询等服务可能会减少或调整）  一般来说，弱势群体，包括重点人群的成员，以及无家可归者和/或流离失所者，感染的风险可能会增加——原因是影响其免疫系统的其它共病，应用隔离和社交距离措施的能力下降，以及获得卫生服务的机会普遍有限。至关重要的是，面向这些人群的服务，如社区服务、免费服务中心和外联服务，能够继续提供挽救生命的预防（分发避孕套、针头和注射器）、检测和治疗，同时确保工作人员和客户的安全。在适用的情况下，可以根据上述考虑调整服务。
534,抗逆转录病毒药物可用于治疗COVID-19吗？,几项研究表明，感染导致COVID-19的病毒以及相关的冠状病毒（SARS-CoV和MERS-CoV）的患者具有良好的临床结果，几乎所有病例都完全康复了。在某些情况下向患者提供了抗逆转录病毒药物：用利托那韦增强的洛匹那韦（LPV/r）。这些研究大多是在艾滋病毒阴性个体中进行的。值得注意的是，这些使用LPV/r的研究有很大的局限性。研究规模较小，治疗的时机、持续的时间和使用的剂量各不相同，大多数患者接受的联合干预/联合治疗可能有助于所报告的结果。对于用抗逆转录病毒药物治疗冠状病毒感染而言，虽然好处的证据不确定，但严重的副作用很少。在艾滋病毒感染者中，常规使用LPV/r来治疗艾滋病毒与一些中等严重程度的副作用相关。然而，由于冠状病毒感染患者的治疗持续时间通常只有几周，副作用的发生率预计会低于或少于常规使用中报告的发生率。,chinese,"Q&A on COVID-19, HIV and antiretrovirals",像奥运会或世界杯这样引人注目的国际体育赛事以及像麦加朝圣这样的国际宗教活动算是大型集会。然而，不那么引人注目的会议和活动也可能符合世卫组织对大型集会的定义。如果一项活动所汇集的人多到有可能造成活动所在社区卫生系统的规划和应对资源紧张，那么这项活动就被视为“大型集会”。你需要考虑活动的举办地点和持续时间以及参与者人数。例如，如果在一个卫生系统能力相当有限的小岛屿国家举行为期几天的活动，那么即使只有几千人参加也会给卫生系统带来很大压力，因此该活动被认为是“大型集会”。相反，如果活动是在一个拥有资源充足的大型卫生系统的国家的大城市举行，并且仅持续几个小时，则该活动可能不构成“大型集会”。
535,抗逆转录病毒药物能用来预防COVID-19感染吗？,有两项研究称使用LPV/r作为接触后预防SARS-CoV和MERS-CoV的方法。其中一项研究表明，与未服用任何药物的卫生工作者相比，服用LPV/r的卫生工作者中MERS-CoV感染的发生率较低；另一项研究指出，在与SARS患者住在同一病房的19名艾滋病毒感染者中，没有发现SARS-CoV感染病例，其中11人正在接受抗逆转录病毒治疗。同样，由于样本量小、所提供药物的可变性以及暴露强度的不确定性，证据的确定性非常低。,chinese,"Q&A on COVID-19, HIV and antiretrovirals",是的。感染者导致商品污染的可能性很低。人们从经过不同环境和气温条件送达的包裹中感染新型冠状病毒的风险也很低。
536,正在计划开展哪些关于用抗逆转录病毒药物治疗和预防COVID-19的研究？,计划开展几项随机试验来评估使用抗逆转录病毒药物（主要是LPV/r）与其它药物联合治疗COVID-19的安全性和有效性。预计将从2020年中期开始有结果。,chinese,"Q&A on COVID-19, HIV and antiretrovirals",没有关于管理2019-nCoV尸体的特别程序。有关部门和医疗机构应继续执行其现有的关于传染病患者死后管理的政策和法规。
537,世卫组织对使用抗逆转录病毒药物治疗COVID-19的立场是什么？,目前没有足够的数据来评估LPV/r或其它抗病毒药物治疗COVID-19的有效性。几个国家正在评估LPV/r和其它抗病毒药物的使用，我们欢迎这些调查的结果。同样，作为世卫组织应对疫情工作的一部分，世卫组织研发蓝图（在此处和相关链接中添加超链接）已经启动，以加快对这种新型冠状病毒的诊断方法、疫苗和治疗方法的评估。世卫组织还设计了一套程序来评估紧急情况下医疗技术的性能、质量和安全性。,chinese,"Q&A on COVID-19, HIV and antiretrovirals",国际专家审查了2019-nCoV传播模式的现有证据并得出共识。世卫组织根据国际专家的共识制定了快速指导方针。现有证据表明此病毒通过飞沫传播，并通过接触受污染的设备表面而传播。现有证据显示通常不会通过空气传播。其他病毒性呼吸道疾病显示，在产生气溶胶的操作（例如气管插管和支气管镜检查）中，可能会发生空气传播，因此世卫组织建议对这些操作程序采取空气传播预防措施。关于2019-nCoV疫情医护人员防护的更多信息
538,世卫组织对用糖皮质激素治疗COVID-19的立场是什么？,世卫组织目前关于疑似COVID-19感染时严重急性呼吸道感染临床管理的临时指导文件建议不要使用糖皮质激素，除非另有原因[8]。该指导文件基于几个系统性综述，这些综述列举了用糖皮质激素常规治疗病毒性肺炎或急性呼吸窘迫综合征缺乏有效性和可能有害的情况[9]。,chinese,"Q&A on COVID-19, HIV and antiretrovirals",是的，应继续实施怀孕期间间歇性预防治疗、季节性疟疾化学预防和婴儿间歇性预防性治疗，前提是采取最佳做法保护卫生工作者及其他一线工作人员免受COVID-19感染。确保获得这些工具和疟疾预防的其他核心工具可以挽救生命，是在应对COVID-19背景下减轻卫生系统所承受压力的重要战略。世卫组织新的指导意见介绍了在COVID-19背景下卫生工作者的权利、角色和责任。世卫组织还为各国制定了在大流行期间继续安全提供基本卫生服务的指导意见。
539,如果各国对COVID-19使用抗逆转录病毒药物，是否存在对艾滋病毒感染者短缺治疗药物的担忧？,抗逆转录病毒药物对艾滋病毒感染者来说是一种有效且高度耐受的治疗方法。目前正在研究是否可以用抗逆转录病毒药物LPV/r来治疗COVID-19。如果将LPV/r用于COVID-19的治疗，应制定一项计划，确保有足够的和持续的供应来满足已经使用LPV/r的所有艾滋病毒感染者和需要开始治疗的艾滋病毒感染者的需求。然而，一小部分人使用包括LPV/r在内的疗法，因为根据世卫组织的艾滋病毒治疗指南，它被用作二线疗法。任何允许使用艾滋病毒药物来治疗COVID-19的国家都必须确保有充足和可持续的供应。,chinese,"Q&A on COVID-19, HIV and antiretrovirals",2019冠状病毒病最常见症状是发热、乏力和干咳。有些患者可能会有疼痛、鼻塞、流涕、咽痛或腹泻等症状。这些症状往往轻微，且逐渐出现。有些感染者并无任何症状，也无不适感。大多数感染者（约80%）无需特别治疗即可康复。大约六分之一感染者病情严重，呼吸困难。老人以及那些有基础性疾病（如高血压、心脏病或糖尿病）的人可能会患严重疾病。发热、咳嗽和呼吸困难者应就医。
540,我们如何确保人权并抵制污名化和歧视？,随着全球加大对COVID19大流行的公共卫生应对力度，各国被敦促采取果断行动控制这一流行病。世卫组织敦促所有国家确保保护健康、防止经济和社会混乱以及尊重人权之间的适当平衡。世卫组织正在与包括艾滋病规划署和全球艾滋病毒携带者网络在内的合作伙伴合作，确保在应对COVID-19中不会侵犯人权，确保艾滋病毒携带者或感染者能够与其他人一样获得服务，确保与艾滋病毒相关的服务不受干扰地继续下去。为了减少监狱中暴发COVID19的潜在风险，并降低监狱和其它封闭环境中人们的发病率和死亡率，将监狱和移民拘留中心纳入更广泛的公共卫生对策至关重要。这需要卫生部与司法部之间的密切合作，包括在下述方面达成协议：入境筛查、个人保护措施、保持身体距离、环境清洁和消毒以及限制流动，包括限制转移以及非必要工作人员和访客的进出。在当前情况下，各国努力制定非拘禁策略以防止封闭环境中过度拥挤至关重要[10]。由卫生部而不是司法部或类似机构管理监狱卫生可能会促进这一点[11]。,chinese,"Q&A on COVID-19, HIV and antiretrovirals",重要的是确保在公共卫生领域应对COVID-19大流行中实施隔离措施的情况下也能继续获得基本的艾滋病毒预防、检测和治疗服务。虽然应维持获得基本服务的机会，但应考虑并实施适合的循证措施，以减少可能的传播。这些措施包括[12] ： 对所有患者采取标准预防措施（包括确保所有患者在咳嗽或打喷嚏时用纸巾或手肘捂住口鼻，在疑似感染COVID-19的患者等待服务时为其提供医用口罩，采取手卫生措施等。）卫生保健和外联工作者以及同伴教育者和客户应采取适当的手卫生措施确保分类、早期识别和源头控制（隔离疑似感染COVID-19的患者）确保医疗机构的所有区域都通风良好在所有类型的服务中，所有患者之间最好保持至少1米的空间间隔应始终严格遵循清洁和消毒程序发放较长期间的药物（用于治疗艾滋病毒、结核病和其它慢性疾病，如阿片类药物依赖），减少患者的就诊频率考虑将服务减少至最关键的服务（提供基本的治疗和预防服务；咨询等服务可能会减少或调整）  一般来说，弱势群体，包括重点人群的成员，以及无家可归者和/或流离失所者，感染的风险可能会增加——原因是影响其免疫系统的其它共病，应用隔离和社交距离措施的能力下降，以及获得卫生服务的机会普遍有限。至关重要的是，面向这些人群的服务，如社区服务、免费服务中心和外联服务，能够继续提供挽救生命的预防（分发避孕套、针头和注射器）、检测和治疗，同时确保工作人员和客户的安全。在适用的情况下，可以根据上述考虑调整服务。
541,各项规划如何能够确保继续获得艾滋病毒服务？,重要的是确保在公共卫生领域应对COVID-19大流行中实施隔离措施的情况下也能继续获得基本的艾滋病毒预防、检测和治疗服务。虽然应维持获得基本服务的机会，但应考虑并实施适合的循证措施，以减少可能的传播。这些措施包括[12] ： 对所有患者采取标准预防措施（包括确保所有患者在咳嗽或打喷嚏时用纸巾或手肘捂住口鼻，在疑似感染COVID-19的患者等待服务时为其提供医用口罩，采取手卫生措施等。）卫生保健和外联工作者以及同伴教育者和客户应采取适当的手卫生措施确保分类、早期识别和源头控制（隔离疑似感染COVID-19的患者）确保医疗机构的所有区域都通风良好在所有类型的服务中，所有患者之间最好保持至少1米的空间间隔应始终严格遵循清洁和消毒程序发放较长期间的药物（用于治疗艾滋病毒、结核病和其它慢性疾病，如阿片类药物依赖），减少患者的就诊频率考虑将服务减少至最关键的服务（提供基本的治疗和预防服务；咨询等服务可能会减少或调整）  一般来说，弱势群体，包括重点人群的成员，以及无家可归者和/或流离失所者，感染的风险可能会增加——原因是影响其免疫系统的其它共病，应用隔离和社交距离措施的能力下降，以及获得卫生服务的机会普遍有限。至关重要的是，面向这些人群的服务，如社区服务、免费服务中心和外联服务，能够继续提供挽救生命的预防（分发避孕套、针头和注射器）、检测和治疗，同时确保工作人员和客户的安全。在适用的情况下，可以根据上述考虑调整服务。,chinese,"Q&A on COVID-19, HIV and antiretrovirals",目前没有足够的数据来评估LPV/r或其它抗病毒药物治疗COVID-19的有效性。几个国家正在评估LPV/r和其它抗病毒药物的使用，我们欢迎这些调查的结果。同样，作为世卫组织应对疫情工作的一部分，世卫组织研发蓝图（在此处和相关链接中添加超链接）已经启动，以加快对这种新型冠状病毒的诊断方法、疫苗和治疗方法的评估。世卫组织还设计了一套程序来评估紧急情况下医疗技术的性能、质量和安全性。
542,抗逆转录病毒药物和其它药物的多月处方和配药的作用是什么？,临床上稳定的成人、儿童、青少年、孕妇和哺乳期妇女以及重点人群的成员（注射毒品者、性工作者、男男性行为者、变性者以及生活在监狱和封闭环境中的人）可以受益于简化的抗逆转录病毒治疗提供模式，该模式包括多月处方和配药（3-6个月的供应），这将减少到诊所的就诊频率，确保在冠状病毒疫情中可能的流动中断期间治疗的连续性。类似地，还应考虑为接受美沙酮或丁丙诺啡替代疗法的临床上稳定的患者提供更大的回家用药的可能性，以减轻卫生部门的额外负担。,chinese,"Q&A on COVID-19, HIV and antiretrovirals",在2019-nCoV疑似或确诊患者所处的医疗机构或住所中，应使用可以有效抑制2019-nCoV和其他冠状病毒等包膜病毒的消毒剂对环境消毒。许多消毒剂（例如常用的医院消毒剂）对包膜病毒有抑制作用。世卫组织目前建议：用70%医用酒精对可以重复使用的专用设备(如温度计) 进行消毒。用0.5%（相当于5000ppm）的次氯酸钠对家中或医疗机构中经常接触的表面进行消毒。2019-nCoV疫情期间医疗机构指导方针 - 英文医疗机构的感染预防和控制
543,感染艾滋病毒的孕妇或产后妇女会将COVID-19病毒传染给其未出生的孩子或婴儿吗？,关于COVID-19在特定人群（如儿童和孕妇）中的临床表现的数据很少[13]，但公布的一项小型研究表明，目前没有在妊娠晚期患上COVID-19肺炎的妇女中发现由垂直传播引起宫内感染的证据[14]。虽然没有垂直传播的记录，但出生后通过与传染性呼吸道分泌物接触发生的传播是一个问题。对于疑似、可能或确诊患有COVID-19的母亲所生的婴儿，应根据标准婴儿喂养指南进行喂养[15]，同时采取必要的预防措施来预防和控制感染。与所有确诊或疑似COVID-19病例一样，正在哺乳或进行皮肤接触或袋鼠妈妈式护理的有症状的母亲应采取呼吸卫生做法，包括在喂养期间（例如，如果母亲有呼吸道症状，在靠近孩子时应佩戴医用口罩），在与孩子接触前后应采取手卫生措施，并且应对有症状的母亲接触过的表面定期进行清洁和消毒[16]。关于COVID-19、妊娠、分娩和母乳喂养的常见问题,chinese,"Q&A on COVID-19, HIV and antiretrovirals",在2019-nCoV疑似或确诊患者所处的医疗机构或住所中，应使用可以有效抑制2019-nCoV和其他冠状病毒等包膜病毒的消毒剂对环境消毒。许多消毒剂（例如常用的医院消毒剂）对包膜病毒有抑制作用。世卫组织目前建议：用70%医用酒精对可以重复使用的专用设备(如温度计) 进行消毒。用0.5%（相当于5000ppm）的次氯酸钠对家中或医疗机构中经常接触的表面进行消毒。2019-nCoV疫情期间医疗机构指导方针 - 英文医疗机构的感染预防和控制
544,对感染COVID-19的携带艾滋病毒的孕妇和哺乳期妇女及其新生儿的管理应有所不同吗？,目前，在COVID-19的临床表现或孕妇和非孕妇或育龄成人的重症风险或胎儿受损风险之间没有已知的区别。考虑到妊娠期间和之后可能与COVID-19症状重叠的免疫和生理适应，疑似或确诊感染COVID-19的孕妇和最近怀孕的妇女应接受支持性和管理治疗。数据有限，但在证据基础提供更明确的信息之前，应特别考虑可能感染COVID-19的有合并疾病的孕妇。在发布这一信息时，没有孕妇死亡的报告[17]，但是，可能需要优先考虑对有症状的孕妇进行COVID-19检测，以便其能够获得专门护理。应向所有新近感染COVID-19或已从COVID-19中康复的孕妇提供关于安全喂养婴儿的信息和建议，以及适当的感染预防和控制措施，以防止COVID-19病毒的传播[18]。在已经确诊或正在调查疾病的情况下，管理与非孕妇类似，应适当隔离已经确诊的或正在接受调查的患者。产科设施必须得到通知并作好准备，注意，任何确诊患有COVID-19的母亲所生的婴儿都应被视为“接受调查者”，并应根据感染预防和控制指南进行隔离。目前尚不清楚感染COVID-19的新生儿患严重并发症的风险是否会增大。,chinese,"Q&A on COVID-19, HIV and antiretrovirals",孕妇应该像其他人一样采取同样的预防措施，以免感染COVID-19。您可以通过以下方式保护自己：用含酒精成分的免洗洗手液或肥皂和清水勤洗手。保持自己和他人之间的距离，避免拥挤的地方。不触摸眼睛、鼻子和嘴巴。注意呼吸卫生礼仪。咳嗽或打喷嚏时，用弯曲的手肘或纸巾遮住口鼻，然后立即处理用过的纸巾。如果发烧、咳嗽或呼吸困难，应尽早就医。去医疗机构之前先打电话，并遵循当地卫生当局的指示。孕妇和最近分娩的妇女（包括受COVID-19影响的妇女）应该按时去看医护人员，以便获得常规护理服务。
545,吸烟者感染COVID-19的风险较高吗？,吸烟者可能较易感染COVID-19。吸烟意味着手指（以及可能被污染的卷烟）与嘴唇接触，从而会增加病毒经过手入口的可能性。另外，吸烟者还可能已有肺病或肺活量减少，这将大大加剧他们患重症的风险。 吸水烟等烟草制品的人经常共用烟嘴和吸管，这可能会助长COVID-19在公共场所和社会环境中的传播。导致氧气需求增加或身体正确使用氧气能力减弱的病症（如肺炎）会使患者面临较高的严重肺部疾病风险。,chinese,Q&A on smoking and COVID-19,世卫组织就如何规划大型集会提供了指导和培训课程。指导和课程都着眼于如何与地方主管部门合作进行风险评估、规划和管理卫生风险：https://www.who.int/emergencies/diseases/novel-coronavirus-2019/technical-guidance/points-of-entry-and-mass-gatherings。你可以在以下网址找到可提供给参与者个人的关于如何保护他们自己以及他们所爱的人免受COVID-19侵害的建议：https://www.who.int/zh/emergencies/diseases/novel-coronavirus-2019/advice-for-public。
546,孕妇患COVID-19的风险较高吗？,目前正在研究COVID-19感染对孕妇的影响。虽然相关数据有限，但目前没有证据表明她们患重症的风险高于普通人。我们知道，由于孕妇身体和免疫系统的变化，她们可能会受到一些呼吸道感染的严重影响。因此，她们必须采取预防措施防范COVID-19，并向医护人员报告有关症状（发烧、咳嗽或呼吸困难等）。世卫组织将继续进行审查，并将在获得更多证据后更新其信息和建议。,chinese,"Q&A on COVID-19, pregnancy, childbirth and breastfeeding",不。由于国际大型集会各不相同，因此在决定是否取消活动时要考虑的因素也可能不同。任何改变计划中的国际集会的决定都应该基于对风险和如何管理风险的仔细评估，以及活动策划的水平。评估应涉及活动的所有利益攸关方，尤其是活动举办地所在国家或社区的卫生主管部门。这些主管部门和利益攸关方最有资格评估活动可能给当地卫生系统和应急服务带来的压力水平，以及这种压力水平在当前情况下是否可以接受。
547,我怀孕了。我如何防范COVID-19？,孕妇应该像其他人一样采取同样的预防措施，以免感染COVID-19。您可以通过以下方式保护自己：用含酒精成分的免洗洗手液或肥皂和清水勤洗手。保持自己和他人之间的距离，避免拥挤的地方。不触摸眼睛、鼻子和嘴巴。注意呼吸卫生礼仪。咳嗽或打喷嚏时，用弯曲的手肘或纸巾遮住口鼻，然后立即处理用过的纸巾。如果发烧、咳嗽或呼吸困难，应尽早就医。去医疗机构之前先打电话，并遵循当地卫生当局的指示。孕妇和最近分娩的妇女（包括受COVID-19影响的妇女）应该按时去看医护人员，以便获得常规护理服务。,chinese,"Q&A on COVID-19, pregnancy, childbirth and breastfeeding",关于COVID-19在特定人群（如儿童和孕妇）中的临床表现的数据很少[13]，但公布的一项小型研究表明，目前没有在妊娠晚期患上COVID-19肺炎的妇女中发现由垂直传播引起宫内感染的证据[14]。虽然没有垂直传播的记录，但出生后通过与传染性呼吸道分泌物接触发生的传播是一个问题。对于疑似、可能或确诊患有COVID-19的母亲所生的婴儿，应根据标准婴儿喂养指南进行喂养[15]，同时采取必要的预防措施来预防和控制感染。与所有确诊或疑似COVID-19病例一样，正在哺乳或进行皮肤接触或袋鼠妈妈式护理的有症状的母亲应采取呼吸卫生做法，包括在喂养期间（例如，如果母亲有呼吸道症状，在靠近孩子时应佩戴医用口罩），在与孩子接触前后应采取手卫生措施，并且应对有症状的母亲接触过的表面定期进行清洁和消毒[16]。关于COVID-19、妊娠、分娩和母乳喂养的常见问题
548,孕妇应该接受COVID-19检测吗？,检测规程和资格因您的居住地而异。 世卫组织建议优先检测有COVID-19症状的孕妇。如果她们患COVID-19，可能需要特殊医护。,chinese,"Q&A on COVID-19, pregnancy, childbirth and breastfeeding",世卫组织正在本组织的三个层面上（国家、区域和总部）开展工作，以确保旨在预防冠状病毒传播并指导COVID-19疾病管理的任何建议适用于受疟疾影响国家。世卫组织与合作伙伴一起还确定了一系列相互关联的必要行动，以减轻COVID-19在受疟疾冲击最严重的国家的影响。本组织最近召集合作伙伴讨论合作与协调领域，目的是：产生、使用和传播准确的信息；减轻对卫生系统的干扰；确保针对疟疾的常规服务的连续性，在某些情况下还提供额外特别措施。世卫组织愿意与各国和其他利益攸关方合作，减轻冠状病毒对全世界应对疟疾的不利影响，并在可能的情况下为成功应对COVID-19做出贡献。
549,孕产妇会将COVID-19传给她未出生的或新生的婴儿吗？,我们尚不清楚患COVID-19的孕妇是否会在妊娠或分娩期间将病毒传给胎儿或婴儿。迄今为止，未在羊水或母乳样本中检出此病毒。,chinese,"Q&A on COVID-19, pregnancy, childbirth and breastfeeding",你计划举行的大型集会所在地的国家和地方公共卫生主管部门很可能知道如何进行卫生风险评估。如果那里有世卫组织国家办事处，他们也可以提供一些专家支持。你所在地区的世卫组织区域办事处也可能提供这方面的支持。你可以在以下网址找到世卫组织区域办事处的名称和联系方式：https://www.who.int/zh/about/who-we-are/regional-offices。
550,妊娠和分娩期间应该提供何种医护？,所有孕妇，包括确诊或疑似感染COVID-19的孕妇，都有权在产前、产中和产后获得高质量医护，其中包括获得产前、新生儿、产后和精神健康服务。 安全良好分娩体验包括：受到尊重和体面对待；可选一人在分娩时陪同；产科人员清晰沟通；采用适当的缓解疼痛措施；在可能的情况下，允许产妇走动和选择以哪种体位分娩。 处理COVID-19疑似或确诊病例时，卫生工作者应采取所有适当的预防措施，以减少自己和他人的感染风险，包括手卫生和适当使用手套、罩衣和医用口罩等防护装备。,chinese,"Q&A on COVID-19, pregnancy, childbirth and breastfeeding",上述所有考虑因素均适用于正在消除疟疾的国家和防止该疾病传播重新出现的国家：必须继续努力预防、发现和治疗疟疾病例，同时防止COVID-19传播并确保服务提供者的安全。即将消除疟疾的国家必须保护其重要成果并避免疟疾复发。已消除疟疾的国家必须对可能出现的任何输入性疟疾病例保持警惕，以防止该疾病再次输入。
551,疑似或确诊COVID-19的孕妇需要剖腹产吗？,不。世卫组织建议只有在有合理医学理由的情况下才进行剖腹产。 分娩方式应该因人而异，并基于产妇的偏好和产科指征。,chinese,"Q&A on COVID-19, pregnancy, childbirth and breastfeeding",世卫组织正在本组织的三个层面上（国家、区域和总部）开展工作，以确保旨在预防冠状病毒传播并指导COVID-19疾病管理的任何建议适用于受疟疾影响国家。世卫组织与合作伙伴一起还确定了一系列相互关联的必要行动，以减轻COVID-19在受疟疾冲击最严重的国家的影响。本组织最近召集合作伙伴讨论合作与协调领域，目的是：产生、使用和传播准确的信息；减轻对卫生系统的干扰；确保针对疟疾的常规服务的连续性，在某些情况下还提供额外特别措施。世卫组织愿意与各国和其他利益攸关方合作，减轻冠状病毒对全世界应对疟疾的不利影响，并在可能的情况下为成功应对COVID-19做出贡献。
552,患COVID-19的女性可以母乳喂养吗？,是的。患COVID-19的妇女如果愿意，可以进行母乳喂养。她们应该注意以下事项：喂养期间保持良好呼吸卫生习惯，在可能的情况下佩戴口罩；触摸婴儿前后洗手；例行清洁和消毒所接触过的物品表面。,chinese,"Q&A on COVID-19, pregnancy, childbirth and breastfeeding",临床上稳定的成人、儿童、青少年、孕妇和哺乳期妇女以及重点人群的成员（注射毒品者、性工作者、男男性行为者、变性者以及生活在监狱和封闭环境中的人）可以受益于简化的抗逆转录病毒治疗提供模式，该模式包括多月处方和配药（3-6个月的供应），这将减少到诊所的就诊频率，确保在冠状病毒疫情中可能的流动中断期间治疗的连续性。类似地，还应考虑为接受美沙酮或丁丙诺啡替代疗法的临床上稳定的患者提供更大的回家用药的可能性，以减轻卫生部门的额外负担。
553,如果我患COVID-19，还能触摸和抱我的新生宝宝吗？,是的。亲密接触和早期纯母乳喂养有助于婴儿茁壮成长。您应该获得支持，以便能够：安全母乳喂养，喂养时注意保持良好的呼吸卫生习惯； 贴身抚抱新生儿；和宝宝合住一个房间。您应该在触摸宝宝前后洗手，并保持所有表面清洁。,chinese,"Q&A on COVID-19, pregnancy, childbirth and breastfeeding",是的。感染者导致商品污染的可能性很低。人们从经过不同环境和气温条件送达的包裹中感染新型冠状病毒的风险也很低。
554,我患有COVID-19，因身体不适而不能直接给宝宝喂奶。我可以怎么做呢？,如果您因患COVID-19或其他并发症而不宜母乳喂养，您应该得到支持，以一种可能的、可用的并且您本人可以接受的方式安全地为婴儿提供母乳。这可以包括：挤出乳汁；再哺乳；使用获得的捐赠母乳。,chinese,"Q&A on COVID-19, pregnancy, childbirth and breastfeeding",上述所有考虑因素均适用于正在消除疟疾的国家和防止该疾病传播重新出现的国家：必须继续努力预防、发现和治疗疟疾病例，同时防止COVID-19传播并确保服务提供者的安全。即将消除疟疾的国家必须保护其重要成果并避免疟疾复发。已消除疟疾的国家必须对可能出现的任何输入性疟疾病例保持警惕，以防止该疾病再次输入。
555,COVID-19和流感病毒有何相似之处？,首先，COVID-19病毒和流感病毒会导致相似的疾病症状。它们都引起呼吸系统疾病，有的患者无症状或属轻症，有的则患重症甚至死亡。其次，这两种病毒均通过接触、飞沫和污染物传播。因此，可以采取同样的公共卫生措施，例如保持良好的手卫生习惯和呼吸礼仪（咳嗽时屈肘遮掩口鼻或使用纸巾，并立即适当处置用过的纸巾）。这些措施对于预防感染很重要。,chinese,Q&A: Similarities and differences – COVID-19 and influenza,重要的是确保在公共卫生领域应对COVID-19大流行中实施隔离措施的情况下也能继续获得基本的艾滋病毒预防、检测和治疗服务。虽然应维持获得基本服务的机会，但应考虑并实施适合的循证措施，以减少可能的传播。这些措施包括[12] ： 对所有患者采取标准预防措施（包括确保所有患者在咳嗽或打喷嚏时用纸巾或手肘捂住口鼻，在疑似感染COVID-19的患者等待服务时为其提供医用口罩，采取手卫生措施等。）卫生保健和外联工作者以及同伴教育者和客户应采取适当的手卫生措施确保分类、早期识别和源头控制（隔离疑似感染COVID-19的患者）确保医疗机构的所有区域都通风良好在所有类型的服务中，所有患者之间最好保持至少1米的空间间隔应始终严格遵循清洁和消毒程序发放较长期间的药物（用于治疗艾滋病毒、结核病和其它慢性疾病，如阿片类药物依赖），减少患者的就诊频率考虑将服务减少至最关键的服务（提供基本的治疗和预防服务；咨询等服务可能会减少或调整）  一般来说，弱势群体，包括重点人群的成员，以及无家可归者和/或流离失所者，感染的风险可能会增加——原因是影响其免疫系统的其它共病，应用隔离和社交距离措施的能力下降，以及获得卫生服务的机会普遍有限。至关重要的是，面向这些人群的服务，如社区服务、免费服务中心和外联服务，能够继续提供挽救生命的预防（分发避孕套、针头和注射器）、检测和治疗，同时确保工作人员和客户的安全。在适用的情况下，可以根据上述考虑调整服务。
556,COVID-19病毒和流感病毒有什么不同？,这两种病毒的一个重大差异是传播速度。与COVID-19病毒相比，流感的中位潜伏期（从感染到出现症状的时间）较短，病例间隔时间也较短。COVID-19病例间隔时间估计为5-6天，而流感病例间隔时间为3天。这也就是说，流感传播速度可能高于COVID-19。此外，疾病最初3-5天的传播，或在出现症状前可能发生的传播，是流感传播的一个主要驱动因素。相比之下，虽然我们了解到有些人可在症状出现之前24-48小时排放COVID-19病毒，但目前看来这似乎并不是COVID-19传播的主要驱动因素。据了解，COVID-19病毒的基本繁殖数（即一位受感染个人导致的继发感染数）在2到2.5之间，高于流感病毒。但对COVID-19病毒和流感病毒的估算在很大程度上取决于具体环境和时间，因此较难直接比较。儿童是流感病毒社区传播的重要传播源。但初步数据表明儿童受COVID-19病毒感染的程度低于成人，0-19岁年龄组的临床发病率较低。来自中国家庭传播研究项目的进一步初步数据表明，儿童由成人感染，而不是成人由儿童感染。这两种病毒引发的疾病症状相似，但看来重症比例不同。关于COVID-19，迄今为止的数据表明80%的感染是轻症或无症状，15%是严重感染，需要输氧，5%是危重感染，需要插管通气。COVID-19严重和危重感染百分比高于观测到的流感病毒感染情况。儿童、孕妇、老年人、有慢性基础疾病的人和免疫受抑制人群是流感严重感染的高风险人群。而对于COVID-19，我们认为，老龄和基础性疾病会加剧严重感染的风险。COVID-19的死亡率看来高于流感，尤其是高于季节性流感。需要一些时日才能确定COVID-19的实际死亡率。据我们目前掌握的数据，粗死亡率（报告的死亡人数除以报告的病例数）在3%-4%之间，感染死亡率（报告的死亡人数除以感染人数）会低于此数。季节性流感死亡率通常远低于0.1%。死亡率在很大程度上取决于人们获得医疗服务的机会和质量。,chinese,Q&A: Similarities and differences – COVID-19 and influenza,我们尚不清楚患COVID-19的孕妇是否会在妊娠或分娩期间将病毒传给胎儿或婴儿。迄今为止，未在羊水或母乳样本中检出此病毒。
557,针对COVID-19病毒和流感病毒有哪些医疗干预措施？,中国目前正对多种治疗方法进行临床试验。全球共有20多种疫苗在研发中。目前还没有针对COVID-19的已获许可的疫苗或治疗方法。而目前已有多种抗流感病毒药物和疫苗。尽管流感疫苗对COVID-19病毒并无效果，但我们强烈建议每年接种流感疫苗，以防感染流感病毒。,chinese,Q&A: Similarities and differences – COVID-19 and influenza,目前没有关于2019-nCoV在物体表面稳定性的数据。从实验室对SARS-CoV和MERS-CoV的研究数据来看，环境稳定性取决于相对温度、湿度和表面类型等若干因素。世卫组织继续监测关于新型冠状病毒的现有证据，并将在获得相关证据后予以更新。
